,날짜,지역,품명,가격
0,2013-01-02,서울,가을,13000.0
1,2013-01-02,부산,가을,12000.0
2,2013-01-02,대구,가을,12000.0
3,2013-01-02,광주,가을,12000.0
4,2013-01-02,대전,가을,13000.0
5,2013-01-03,서울,가을,12000.0
6,2013-01-03,부산,가을,12000.0
7,2013-01-03,대구,가을,13000.0
8,2013-01-03,광주,가을,13000.0
9,2013-01-03,대전,가을,15000.0
10,2013-01-04,서울,가을,12000.0
11,2013-01-04,부산,가을,12000.0
12,2013-01-04,대구,가을,12000.0
13,2013-01-04,광주,가을,13000.0
14,2013-01-04,대전,가을,13000.0
15,2013-10-29,서울,가을,4000.0
16,2013-10-29,부산,가을,4500.0
17,2013-10-29,대구,가을,4000.0
18,2013-10-29,광주,가을,4000.0
19,2013-10-29,대전,가을,4500.0
20,2013-10-30,서울,가을,4000.0
21,2013-10-30,부산,가을,4500.0
22,2013-10-30,대구,가을,4000.0
23,2013-10-30,광주,가을,4000.0
24,2013-10-30,대전,가을,4500.0
25,2013-10-31,서울,가을,4000.0
26,2013-10-31,부산,가을,4500.0
27,2013-10-31,대구,가을,4000.0
28,2013-10-31,광주,가을,4000.0
29,2013-10-31,대전,가을,4500.0
30,2013-11-01,서울,가을,4000.0
31,2013-11-01,부산,가을,4500.0
32,2013-11-01,대구,가을,4000.0
33,2013-11-01,광주,가을,4000.0
34,2013-11-01,대전,가을,4000.0
35,2013-11-04,서울,가을,4000.0
36,2013-11-04,부산,가을,4500.0
37,2013-11-04,대구,가을,4000.0
38,2013-11-04,광주,가을,4000.0
39,2013-11-04,대전,가을,4000.0
40,2013-11-05,서울,가을,4000.0
41,2013-11-05,부산,가을,4500.0
42,2013-11-05,대구,가을,4000.0
43,2013-11-05,광주,가을,4000.0
44,2013-11-05,대전,가을,4000.0
45,2013-11-06,서울,가을,4000.0
46,2013-11-06,부산,가을,4500.0
47,2013-11-06,대구,가을,4000.0
48,2013-11-06,광주,가을,4000.0
49,2013-11-06,대전,가을,4000.0
50,2013-11-07,서울,가을,4000.0
51,2013-11-07,부산,가을,4500.0
52,2013-11-07,대구,가을,4000.0
53,2013-11-07,광주,가을,4000.0
54,2013-11-07,대전,가을,4000.0
55,2013-11-08,서울,가을,6000.0
56,2013-11-08,부산,가을,4500.0
57,2013-11-08,대구,가을,4000.0
58,2013-11-08,광주,가을,4000.0
59,2013-11-08,대전,가을,4000.0
60,2013-11-11,서울,가을,5000.0
61,2013-11-11,부산,가을,5000.0
62,2013-11-11,대구,가을,5000.0
63,2013-11-11,광주,가을,5000.0
64,2013-11-11,대전,가을,6000.0
65,2013-11-12,서울,가을,5000.0
66,2013-11-12,부산,가을,5000.0
67,2013-11-12,대구,가을,5000.0
68,2013-11-12,광주,가을,5000.0
69,2013-11-12,대전,가을,6000.0
70,2013-11-13,서울,가을,5000.0
71,2013-11-13,부산,가을,5000.0
72,2013-11-13,대구,가을,5000.0
73,2013-11-13,광주,가을,5000.0
74,2013-11-13,대전,가을,6000.0
75,2013-11-14,서울,가을,6000.0
76,2013-11-14,부산,가을,5000.0
77,2013-11-14,대구,가을,5000.0
78,2013-11-14,광주,가을,5000.0
79,2013-11-14,대전,가을,6000.0
80,2013-11-15,서울,가을,7000.0
81,2013-11-15,부산,가을,5000.0
82,2013-11-15,대구,가을,5000.0
83,2013-11-15,광주,가을,5000.0
84,2013-11-15,대전,가을,6000.0
85,2013-11-18,서울,가을,6500.0
86,2013-11-18,부산,가을,5500.0
87,2013-11-18,대구,가을,6000.0
88,2013-11-18,광주,가을,6000.0
89,2013-11-18,대전,가을,6000.0
90,2013-11-19,서울,가을,6500.0
91,2013-11-19,부산,가을,5500.0
92,2013-11-19,대구,가을,6000.0
93,2013-11-19,광주,가을,6000.0
94,2013-11-19,대전,가을,6000.0
95,2013-11-20,서울,가을,7500.0
96,2013-11-20,부산,가을,6000.0
97,2013-11-20,대구,가을,6000.0
98,2013-11-20,광주,가을,6000.0
99,2013-11-20,대전,가을,6000.0
100,2013-11-21,서울,가을,8000.0
101,2013-11-21,부산,가을,6000.0
102,2013-11-21,대구,가을,6000.0
103,2013-11-21,광주,가을,6000.0
104,2013-11-21,대전,가을,6000.0
105,2013-11-22,서울,가을,8500.0
106,2013-11-22,부산,가을,6500.0
107,2013-11-22,대구,가을,6000.0
108,2013-11-22,광주,가을,6000.0
109,2013-11-22,대전,가을,6000.0
110,2013-11-25,서울,가을,7500.0
111,2013-11-25,부산,가을,6500.0
112,2013-11-25,대구,가을,6500.0
113,2013-11-25,광주,가을,6000.0
114,2013-11-25,대전,가을,6000.0
115,2013-11-26,서울,가을,7000.0
116,2013-11-26,부산,가을,6500.0
117,2013-11-26,대구,가을,6500.0
118,2013-11-26,광주,가을,6000.0
119,2013-11-26,대전,가을,6000.0
120,2013-11-27,서울,가을,7500.0
121,2013-11-27,부산,가을,6500.0
122,2013-11-27,대구,가을,6500.0
123,2013-11-27,광주,가을,6000.0
124,2013-11-27,대전,가을,6000.0
125,2013-11-28,서울,가을,8000.0
126,2013-11-28,부산,가을,7000.0
127,2013-11-28,대구,가을,7000.0
128,2013-11-28,광주,가을,6000.0
129,2013-11-28,대전,가을,7000.0
130,2013-11-29,서울,가을,8500.0
131,2013-11-29,부산,가을,7000.0
132,2013-11-29,대구,가을,7000.0
133,2013-11-29,광주,가을,6000.0
134,2013-11-29,대전,가을,7000.0
135,2013-12-02,서울,가을,7500.0
136,2013-12-02,부산,가을,7000.0
137,2013-12-02,대구,가을,7000.0
138,2013-12-02,광주,가을,6000.0
139,2013-12-02,대전,가을,7000.0
140,2013-12-03,서울,가을,7000.0
141,2013-12-03,부산,가을,6500.0
142,2013-12-03,대구,가을,6500.0
143,2013-12-03,광주,가을,5000.0
144,2013-12-03,대전,가을,7000.0
145,2013-12-04,서울,가을,6000.0
146,2013-12-04,부산,가을,6000.0
147,2013-12-04,대구,가을,6500.0
148,2013-12-04,광주,가을,5000.0
149,2013-12-04,대전,가을,7000.0
150,2013-12-05,서울,가을,6000.0
151,2013-12-05,부산,가을,6000.0
152,2013-12-05,대구,가을,6500.0
153,2013-12-05,광주,가을,5000.0
154,2013-12-05,대전,가을,7000.0
155,2013-12-06,서울,가을,7000.0
156,2013-12-06,부산,가을,6000.0
157,2013-12-06,대구,가을,6000.0
158,2013-12-06,광주,가을,5000.0
159,2013-12-06,대전,가을,6000.0
160,2013-12-09,서울,가을,6000.0
161,2013-12-09,부산,가을,6000.0
162,2013-12-09,대구,가을,6000.0
163,2013-12-09,광주,가을,4000.0
164,2013-12-09,대전,가을,6000.0
165,2013-12-10,서울,가을,5500.0
166,2013-12-10,부산,가을,5500.0
167,2013-12-10,대구,가을,5500.0
168,2013-12-10,광주,가을,4000.0
169,2013-12-10,대전,가을,5000.0
170,2013-12-11,서울,가을,5500.0
171,2013-12-11,부산,가을,5500.0
172,2013-12-11,대구,가을,5000.0
173,2013-12-11,광주,가을,4000.0
174,2013-12-11,대전,가을,5000.0
175,2013-12-12,서울,가을,5500.0
176,2013-12-12,부산,가을,5500.0
177,2013-12-12,대구,가을,5000.0
178,2013-12-12,광주,가을,4000.0
179,2013-12-12,대전,가을,4500.0
180,2013-12-13,서울,가을,4500.0
181,2013-12-13,부산,가을,5000.0
182,2013-12-13,대구,가을,5000.0
183,2013-12-13,광주,가을,4000.0
184,2013-12-13,대전,가을,4500.0
185,2013-12-16,서울,가을,4500.0
186,2013-12-16,부산,가을,5000.0
187,2013-12-16,대구,가을,5000.0
188,2013-12-16,광주,가을,4000.0
189,2013-12-16,대전,가을,4500.0
190,2013-12-17,서울,가을,4500.0
191,2013-12-17,부산,가을,4500.0
192,2013-12-17,대구,가을,4500.0
193,2013-12-17,광주,가을,4000.0
194,2013-12-17,대전,가을,4500.0
195,2013-12-18,서울,가을,4500.0
196,2013-12-18,부산,가을,4500.0
197,2013-12-18,대구,가을,4500.0
198,2013-12-18,광주,가을,4000.0
199,2013-12-18,대전,가을,4500.0
200,2013-12-19,서울,가을,4500.0
201,2013-12-19,부산,가을,4500.0
202,2013-12-19,대구,가을,4500.0
203,2013-12-19,광주,가을,4000.0
204,2013-12-19,대전,가을,4500.0
205,2013-12-20,서울,가을,4500.0
206,2013-12-20,부산,가을,4500.0
207,2013-12-20,대구,가을,4500.0
208,2013-12-20,광주,가을,4000.0
209,2013-12-20,대전,가을,4500.0
210,2013-12-23,서울,가을,4500.0
211,2013-12-23,부산,가을,4500.0
212,2013-12-23,대구,가을,4500.0
213,2013-12-23,광주,가을,4000.0
214,2013-12-23,대전,가을,4500.0
215,2013-12-24,서울,가을,4500.0
216,2013-12-24,부산,가을,4500.0
217,2013-12-24,대구,가을,4500.0
218,2013-12-24,광주,가을,4000.0
219,2013-12-24,대전,가을,4500.0
220,2013-12-26,서울,가을,4500.0
221,2013-12-26,부산,가을,4500.0
222,2013-12-26,대구,가을,4500.0
223,2013-12-26,광주,가을,4000.0
224,2013-12-26,대전,가을,4500.0
225,2013-12-27,서울,가을,4500.0
226,2013-12-27,부산,가을,4500.0
227,2013-12-27,대구,가을,4500.0
228,2013-12-27,광주,가을,4000.0
229,2013-12-27,대전,가을,4500.0
230,2013-12-30,서울,가을,4500.0
231,2013-12-30,부산,가을,4500.0
232,2013-12-30,대구,가을,4500.0
233,2013-12-30,광주,가을,4000.0
234,2013-12-30,대전,가을,4500.0
235,2013-12-31,서울,가을,4500.0
236,2013-12-31,부산,가을,4500.0
237,2013-12-31,대구,가을,4500.0
238,2013-12-31,광주,가을,4000.0
239,2013-12-31,대전,가을,5500.0
240,2014-01-02,서울,가을,4500.0
241,2014-01-02,부산,가을,4500.0
242,2014-01-02,대구,가을,4500.0
243,2014-01-02,광주,가을,4000.0
244,2014-01-02,대전,가을,5500.0
245,2014-01-03,서울,가을,4500.0
246,2014-01-03,부산,가을,4500.0
247,2014-01-03,대구,가을,4500.0
248,2014-01-03,광주,가을,4000.0
249,2014-01-03,대전,가을,5000.0
250,2014-01-06,서울,가을,4500.0
251,2014-01-06,부산,가을,4500.0
252,2014-01-06,대구,가을,4500.0
253,2014-01-06,광주,가을,4000.0
254,2014-01-06,대전,가을,5000.0
255,2014-01-07,서울,가을,4500.0
256,2014-01-07,부산,가을,4500.0
257,2014-01-07,대구,가을,4500.0
258,2014-01-07,광주,가을,4000.0
259,2014-01-07,대전,가을,5000.0
260,2014-01-08,서울,가을,4500.0
261,2014-01-08,부산,가을,4500.0
262,2014-01-08,대구,가을,4500.0
263,2014-01-08,광주,가을,4000.0
264,2014-01-08,대전,가을,5000.0
265,2014-01-09,서울,가을,4500.0
266,2014-01-09,부산,가을,4500.0
267,2014-01-09,대구,가을,4500.0
268,2014-01-09,광주,가을,4000.0
269,2014-01-09,대전,가을,5000.0
270,2014-01-10,서울,가을,4500.0
271,2014-01-10,부산,가을,4500.0
272,2014-01-10,대구,가을,4500.0
273,2014-01-10,광주,가을,4000.0
274,2014-01-10,대전,가을,5000.0
275,2014-10-29,서울,가을,5000.0
276,2014-10-29,부산,가을,4000.0
277,2014-10-29,대구,가을,5000.0
278,2014-10-29,광주,가을,3000.0
279,2014-10-29,대전,가을,4000.0
280,2014-10-30,서울,가을,4800.0
281,2014-10-30,부산,가을,4000.0
282,2014-10-30,대구,가을,5000.0
283,2014-10-30,광주,가을,3000.0
284,2014-10-30,대전,가을,4000.0
285,2014-10-31,서울,가을,4800.0
286,2014-10-31,부산,가을,4000.0
287,2014-10-31,대구,가을,5000.0
288,2014-10-31,광주,가을,3000.0
289,2014-10-31,대전,가을,4000.0
290,2014-11-03,서울,가을,4500.0
291,2014-11-03,부산,가을,4000.0
292,2014-11-03,대구,가을,5000.0
293,2014-11-03,광주,가을,3500.0
294,2014-11-03,대전,가을,4000.0
295,2014-11-04,서울,가을,4500.0
296,2014-11-04,부산,가을,4000.0
297,2014-11-04,대구,가을,5000.0
298,2014-11-04,광주,가을,3500.0
299,2014-11-04,대전,가을,4000.0
300,2014-11-05,서울,가을,4500.0
301,2014-11-05,부산,가을,4000.0
302,2014-11-05,대구,가을,5000.0
303,2014-11-05,광주,가을,3500.0
304,2014-11-05,대전,가을,4000.0
305,2014-11-06,서울,가을,4500.0
306,2014-11-06,부산,가을,4000.0
307,2014-11-06,대구,가을,5000.0
308,2014-11-06,광주,가을,3500.0
309,2014-11-06,대전,가을,4000.0
310,2014-11-07,서울,가을,4500.0
311,2014-11-07,부산,가을,4000.0
312,2014-11-07,대구,가을,5000.0
313,2014-11-07,광주,가을,3500.0
314,2014-11-07,대전,가을,4000.0
315,2014-11-10,서울,가을,4500.0
316,2014-11-10,부산,가을,4000.0
317,2014-11-10,대구,가을,5000.0
318,2014-11-10,광주,가을,3500.0
319,2014-11-10,대전,가을,4000.0
320,2014-11-11,서울,가을,4500.0
321,2014-11-11,부산,가을,4000.0
322,2014-11-11,대구,가을,5000.0
323,2014-11-11,광주,가을,3500.0
324,2014-11-11,대전,가을,4000.0
325,2014-11-12,서울,가을,4500.0
326,2014-11-12,부산,가을,4000.0
327,2014-11-12,대구,가을,5000.0
328,2014-11-12,광주,가을,3500.0
329,2014-11-12,대전,가을,4000.0
330,2014-11-13,서울,가을,4500.0
331,2014-11-13,부산,가을,4000.0
332,2014-11-13,대구,가을,5000.0
333,2014-11-13,광주,가을,3500.0
334,2014-11-13,대전,가을,4000.0
335,2014-11-14,서울,가을,4500.0
336,2014-11-14,부산,가을,4000.0
337,2014-11-14,대구,가을,5000.0
338,2014-11-14,광주,가을,4000.0
339,2014-11-14,대전,가을,4000.0
340,2014-11-17,서울,가을,4500.0
341,2014-11-17,부산,가을,4000.0
342,2014-11-17,대구,가을,5000.0
343,2014-11-17,광주,가을,4000.0
344,2014-11-17,대전,가을,4000.0
345,2014-11-18,서울,가을,4500.0
346,2014-11-18,부산,가을,4000.0
347,2014-11-18,대구,가을,5000.0
348,2014-11-18,광주,가을,4000.0
349,2014-11-18,대전,가을,4000.0
350,2014-11-19,서울,가을,4500.0
351,2014-11-19,부산,가을,4000.0
352,2014-11-19,대구,가을,5000.0
353,2014-11-19,광주,가을,4000.0
354,2014-11-19,대전,가을,4000.0
355,2014-11-20,서울,가을,4300.0
356,2014-11-20,부산,가을,4000.0
357,2014-11-20,대구,가을,5000.0
358,2014-11-20,광주,가을,4000.0
359,2014-11-20,대전,가을,4000.0
360,2014-11-21,서울,가을,4300.0
361,2014-11-21,부산,가을,4000.0
362,2014-11-21,대구,가을,5000.0
363,2014-11-21,광주,가을,4000.0
364,2014-11-21,대전,가을,4000.0
365,2014-11-24,서울,가을,4300.0
366,2014-11-24,부산,가을,4000.0
367,2014-11-24,대구,가을,5000.0
368,2014-11-24,광주,가을,4000.0
369,2014-11-24,대전,가을,4000.0
370,2014-11-25,서울,가을,4300.0
371,2014-11-25,부산,가을,4000.0
372,2014-11-25,대구,가을,4000.0
373,2014-11-25,광주,가을,4000.0
374,2014-11-25,대전,가을,4000.0
375,2014-11-26,서울,가을,4000.0
376,2014-11-26,부산,가을,4000.0
377,2014-11-26,대구,가을,4000.0
378,2014-11-26,광주,가을,4000.0
379,2014-11-26,대전,가을,4000.0
380,2014-11-27,서울,가을,4000.0
381,2014-11-27,부산,가을,4000.0
382,2014-11-27,대구,가을,4000.0
383,2014-11-27,광주,가을,3500.0
384,2014-11-27,대전,가을,4000.0
385,2014-11-28,서울,가을,4000.0
386,2014-11-28,부산,가을,4000.0
387,2014-11-28,대구,가을,4000.0
388,2014-11-28,광주,가을,3500.0
389,2014-11-28,대전,가을,4000.0
390,2014-12-02,서울,가을,4000.0
391,2014-12-02,부산,가을,4000.0
392,2014-12-02,대구,가을,4000.0
393,2014-12-02,광주,가을,3500.0
394,2014-12-02,대전,가을,4000.0
395,2014-12-03,서울,가을,4000.0
396,2014-12-03,부산,가을,4000.0
397,2014-12-03,대구,가을,4000.0
398,2014-12-03,광주,가을,3500.0
399,2014-12-03,대전,가을,4000.0
400,2014-12-04,서울,가을,4000.0
401,2014-12-04,부산,가을,4000.0
402,2014-12-04,대구,가을,4000.0
403,2014-12-04,광주,가을,3500.0
404,2014-12-04,대전,가을,4000.0
405,2014-12-05,서울,가을,4000.0
406,2014-12-05,부산,가을,4000.0
407,2014-12-05,대구,가을,4000.0
408,2014-12-05,광주,가을,3500.0
409,2014-12-05,대전,가을,4000.0
410,2014-12-08,서울,가을,4000.0
411,2014-12-08,부산,가을,4000.0
412,2014-12-08,대구,가을,4000.0
413,2014-12-08,광주,가을,3500.0
414,2014-12-08,대전,가을,4000.0
415,2014-12-09,서울,가을,4000.0
416,2014-12-09,부산,가을,4000.0
417,2014-12-09,대구,가을,4000.0
418,2014-12-09,광주,가을,3500.0
419,2014-12-09,대전,가을,4000.0
420,2014-12-10,서울,가을,4000.0
421,2014-12-10,부산,가을,4000.0
422,2014-12-10,대구,가을,4000.0
423,2014-12-10,광주,가을,3500.0
424,2014-12-10,대전,가을,4000.0
425,2014-12-11,서울,가을,4000.0
426,2014-12-11,부산,가을,4000.0
427,2014-12-11,대구,가을,4000.0
428,2014-12-11,광주,가을,3500.0
429,2014-12-11,대전,가을,4000.0
430,2014-12-12,서울,가을,4000.0
431,2014-12-12,부산,가을,4000.0
432,2014-12-12,대구,가을,4000.0
433,2014-12-12,광주,가을,3000.0
434,2014-12-12,대전,가을,4000.0
435,2014-12-15,서울,가을,4000.0
436,2014-12-15,부산,가을,4000.0
437,2014-12-15,대구,가을,4000.0
438,2014-12-15,광주,가을,3000.0
439,2014-12-15,대전,가을,4000.0
440,2014-12-16,서울,가을,4000.0
441,2014-12-16,부산,가을,4000.0
442,2014-12-16,대구,가을,4000.0
443,2014-12-16,광주,가을,3000.0
444,2014-12-16,대전,가을,4000.0
445,2014-12-17,서울,가을,4000.0
446,2014-12-17,부산,가을,4000.0
447,2014-12-17,대구,가을,4000.0
448,2014-12-17,광주,가을,3000.0
449,2014-12-17,대전,가을,4000.0
450,2014-12-18,서울,가을,4000.0
451,2014-12-18,부산,가을,4000.0
452,2014-12-18,대구,가을,4000.0
453,2014-12-18,광주,가을,3000.0
454,2014-12-18,대전,가을,4000.0
455,2014-12-19,서울,가을,4000.0
456,2014-12-19,부산,가을,4000.0
457,2014-12-19,대구,가을,4000.0
458,2014-12-19,광주,가을,3000.0
459,2014-12-19,대전,가을,4000.0
460,2014-12-22,서울,가을,4000.0
461,2014-12-22,부산,가을,4000.0
462,2014-12-22,대구,가을,4000.0
463,2014-12-22,광주,가을,3000.0
464,2014-12-22,대전,가을,4000.0
465,2014-12-23,서울,가을,4000.0
466,2014-12-23,부산,가을,4000.0
467,2014-12-23,대구,가을,4000.0
468,2014-12-23,광주,가을,3000.0
469,2014-12-23,대전,가을,4000.0
470,2014-12-24,서울,가을,4000.0
471,2014-12-24,부산,가을,4000.0
472,2014-12-24,대구,가을,4000.0
473,2014-12-24,광주,가을,3000.0
474,2014-12-24,대전,가을,4000.0
475,2014-12-26,서울,가을,4000.0
476,2014-12-26,부산,가을,4000.0
477,2014-12-26,대구,가을,4000.0
478,2014-12-26,광주,가을,3000.0
479,2014-12-26,대전,가을,4000.0
480,2014-12-29,서울,가을,4000.0
481,2014-12-29,부산,가을,4000.0
482,2014-12-29,대구,가을,4000.0
483,2014-12-29,광주,가을,3000.0
484,2014-12-29,대전,가을,4000.0
485,2014-12-30,서울,가을,4000.0
486,2014-12-30,부산,가을,4000.0
487,2014-12-30,대구,가을,4000.0
488,2014-12-30,광주,가을,3000.0
489,2014-12-30,대전,가을,4000.0
490,2014-12-31,서울,가을,4000.0
491,2014-12-31,부산,가을,4000.0
492,2014-12-31,대구,가을,4000.0
493,2014-12-31,광주,가을,3000.0
494,2014-12-31,대전,가을,4000.0
495,2015-01-02,서울,가을,4000.0
496,2015-01-02,부산,가을,4000.0
497,2015-01-02,대구,가을,4000.0
498,2015-01-02,광주,가을,3000.0
499,2015-01-02,대전,가을,4000.0
500,2015-01-05,서울,가을,4000.0
501,2015-01-05,부산,가을,4000.0
502,2015-01-05,대구,가을,4000.0
503,2015-01-05,광주,가을,3000.0
504,2015-01-05,대전,가을,4000.0
505,2015-01-06,서울,가을,4000.0
506,2015-01-06,부산,가을,4000.0
507,2015-01-06,대구,가을,4000.0
508,2015-01-06,광주,가을,3000.0
509,2015-01-06,대전,가을,4000.0
510,2015-11-02,서울,가을,4000.0
511,2015-11-02,부산,가을,4000.0
512,2015-11-02,대구,가을,4000.0
513,2015-11-02,광주,가을,4000.0
514,2015-11-02,대전,가을,3500.0
515,2015-11-03,서울,가을,4000.0
516,2015-11-03,부산,가을,4000.0
517,2015-11-03,대구,가을,4000.0
518,2015-11-03,광주,가을,4000.0
519,2015-11-03,대전,가을,3500.0
520,2015-11-04,서울,가을,4000.0
521,2015-11-04,부산,가을,4000.0
522,2015-11-04,대구,가을,4000.0
523,2015-11-04,광주,가을,4000.0
524,2015-11-04,대전,가을,3500.0
525,2015-11-05,서울,가을,4000.0
526,2015-11-05,부산,가을,4000.0
527,2015-11-05,대구,가을,4000.0
528,2015-11-05,광주,가을,4000.0
529,2015-11-05,대전,가을,3500.0
530,2015-11-06,서울,가을,4000.0
531,2015-11-06,부산,가을,4000.0
532,2015-11-06,대구,가을,4000.0
533,2015-11-06,광주,가을,4000.0
534,2015-11-06,대전,가을,3500.0
535,2015-11-09,서울,가을,4500.0
536,2015-11-09,부산,가을,4000.0
537,2015-11-09,대구,가을,4000.0
538,2015-11-09,광주,가을,4000.0
539,2015-11-09,대전,가을,4000.0
540,2015-11-10,서울,가을,4500.0
541,2015-11-10,부산,가을,4500.0
542,2015-11-10,대구,가을,4000.0
543,2015-11-10,광주,가을,4000.0
544,2015-11-10,대전,가을,4500.0
545,2015-11-11,서울,가을,4500.0
546,2015-11-11,부산,가을,4500.0
547,2015-11-11,대구,가을,4000.0
548,2015-11-11,광주,가을,4000.0
549,2015-11-11,대전,가을,4500.0
550,2015-11-12,서울,가을,4000.0
551,2015-11-12,부산,가을,4500.0
552,2015-11-12,대구,가을,4000.0
553,2015-11-12,광주,가을,4000.0
554,2015-11-12,대전,가을,4000.0
555,2015-11-13,서울,가을,4000.0
556,2015-11-13,부산,가을,5000.0
557,2015-11-13,대구,가을,4000.0
558,2015-11-13,광주,가을,4000.0
559,2015-11-13,대전,가을,4500.0
560,2015-11-16,서울,가을,4000.0
561,2015-11-16,부산,가을,4000.0
562,2015-11-16,대구,가을,4000.0
563,2015-11-16,광주,가을,4000.0
564,2015-11-16,대전,가을,4000.0
565,2015-11-17,서울,가을,4500.0
566,2015-11-17,부산,가을,4000.0
567,2015-11-17,대구,가을,4000.0
568,2015-11-17,광주,가을,4000.0
569,2015-11-17,대전,가을,4500.0
570,2015-11-18,서울,가을,4000.0
571,2015-11-18,부산,가을,4000.0
572,2015-11-18,대구,가을,4000.0
573,2015-11-18,광주,가을,4000.0
574,2015-11-18,대전,가을,4500.0
575,2015-11-19,서울,가을,4500.0
576,2015-11-19,부산,가을,4000.0
577,2015-11-19,대구,가을,4000.0
578,2015-11-19,광주,가을,4500.0
579,2015-11-19,대전,가을,4500.0
580,2015-11-20,서울,가을,5500.0
581,2015-11-20,부산,가을,5000.0
582,2015-11-20,대구,가을,5000.0
583,2015-11-20,광주,가을,5000.0
584,2015-11-20,대전,가을,5000.0
585,2015-11-23,서울,가을,5500.0
586,2015-11-23,부산,가을,5000.0
587,2015-11-23,대구,가을,5000.0
588,2015-11-23,광주,가을,5000.0
589,2015-11-23,대전,가을,5000.0
590,2015-11-24,서울,가을,5500.0
591,2015-11-24,부산,가을,5000.0
592,2015-11-24,대구,가을,5000.0
593,2015-11-24,광주,가을,5000.0
594,2015-11-24,대전,가을,5000.0
595,2015-11-25,서울,가을,5500.0
596,2015-11-25,부산,가을,5000.0
597,2015-11-25,대구,가을,5500.0
598,2015-11-25,광주,가을,5000.0
599,2015-11-25,대전,가을,5000.0
600,2015-11-26,서울,가을,5500.0
601,2015-11-26,부산,가을,5000.0
602,2015-11-26,대구,가을,5500.0
603,2015-11-26,광주,가을,5000.0
604,2015-11-26,대전,가을,5000.0
605,2015-11-27,서울,가을,6500.0
606,2015-11-27,부산,가을,5000.0
607,2015-11-27,대구,가을,5500.0
608,2015-11-27,광주,가을,5000.0
609,2015-11-27,대전,가을,5500.0
610,2015-11-30,서울,가을,5500.0
611,2015-11-30,부산,가을,5000.0
612,2015-11-30,대구,가을,5500.0
613,2015-11-30,광주,가을,5000.0
614,2015-11-30,대전,가을,5500.0
615,2015-12-01,서울,가을,5000.0
616,2015-12-01,부산,가을,5000.0
617,2015-12-01,대구,가을,5500.0
618,2015-12-01,광주,가을,5000.0
619,2015-12-01,대전,가을,5000.0
620,2015-12-02,서울,가을,5000.0
621,2015-12-02,부산,가을,5000.0
622,2015-12-02,대구,가을,5500.0
623,2015-12-02,광주,가을,4500.0
624,2015-12-02,대전,가을,4500.0
625,2015-12-03,서울,가을,5000.0
626,2015-12-03,부산,가을,5000.0
627,2015-12-03,대구,가을,5500.0
628,2015-12-03,광주,가을,4500.0
629,2015-12-03,대전,가을,4500.0
630,2015-12-07,서울,가을,4000.0
631,2015-12-07,부산,가을,4500.0
632,2015-12-07,대구,가을,5500.0
633,2015-12-07,광주,가을,4000.0
634,2015-12-07,대전,가을,4000.0
635,2015-12-08,서울,가을,4000.0
636,2015-12-08,부산,가을,4500.0
637,2015-12-08,대구,가을,5500.0
638,2015-12-08,광주,가을,4000.0
639,2015-12-08,대전,가을,4000.0
640,2015-12-09,서울,가을,4000.0
641,2015-12-09,부산,가을,4500.0
642,2015-12-09,대구,가을,5500.0
643,2015-12-09,광주,가을,4000.0
644,2015-12-09,대전,가을,4000.0
645,2015-12-10,서울,가을,4000.0
646,2015-12-10,부산,가을,4500.0
647,2015-12-10,대구,가을,5500.0
648,2015-12-10,광주,가을,4000.0
649,2015-12-10,대전,가을,4000.0
650,2015-12-11,서울,가을,4000.0
651,2015-12-11,부산,가을,4000.0
652,2015-12-11,대구,가을,4000.0
653,2015-12-11,광주,가을,4000.0
654,2015-12-11,대전,가을,4000.0
655,2015-12-14,서울,가을,4000.0
656,2015-12-14,부산,가을,4000.0
657,2015-12-14,대구,가을,4000.0
658,2015-12-14,광주,가을,4000.0
659,2015-12-14,대전,가을,4000.0
660,2015-12-15,서울,가을,5000.0
661,2015-12-15,부산,가을,4000.0
662,2015-12-15,대구,가을,4000.0
663,2015-12-15,광주,가을,4000.0
664,2015-12-15,대전,가을,4000.0
665,2015-12-16,서울,가을,5000.0
666,2015-12-16,부산,가을,4000.0
667,2015-12-16,대구,가을,4000.0
668,2015-12-16,광주,가을,4000.0
669,2015-12-16,대전,가을,4000.0
670,2015-12-17,서울,가을,5000.0
671,2015-12-17,부산,가을,4000.0
672,2015-12-17,대구,가을,4000.0
673,2015-12-17,광주,가을,4000.0
674,2015-12-17,대전,가을,4000.0
675,2015-12-18,서울,가을,5000.0
676,2015-12-18,부산,가을,4000.0
677,2015-12-18,대구,가을,4000.0
678,2015-12-18,광주,가을,4000.0
679,2015-12-18,대전,가을,4000.0
680,2015-12-21,서울,가을,5000.0
681,2015-12-21,부산,가을,4000.0
682,2015-12-21,대구,가을,4000.0
683,2015-12-21,광주,가을,3500.0
684,2015-12-21,대전,가을,4000.0
685,2015-12-22,서울,가을,5000.0
686,2015-12-22,부산,가을,4000.0
687,2015-12-22,대구,가을,4000.0
688,2015-12-22,광주,가을,3500.0
689,2015-12-22,대전,가을,4500.0
690,2015-12-23,서울,가을,4500.0
691,2015-12-23,부산,가을,4000.0
692,2015-12-23,대구,가을,4000.0
693,2015-12-23,광주,가을,3500.0
694,2015-12-23,대전,가을,4500.0
695,2015-12-24,서울,가을,4500.0
696,2015-12-24,부산,가을,4000.0
697,2015-12-24,대구,가을,4000.0
698,2015-12-24,광주,가을,3500.0
699,2015-12-24,대전,가을,4500.0
700,2015-12-28,서울,가을,5000.0
701,2015-12-28,부산,가을,4500.0
702,2015-12-28,대구,가을,4000.0
703,2015-12-28,광주,가을,3500.0
704,2015-12-28,대전,가을,4500.0
705,2015-12-29,서울,가을,5000.0
706,2015-12-29,부산,가을,4500.0
707,2015-12-29,대구,가을,4000.0
708,2015-12-29,광주,가을,3500.0
709,2015-12-29,대전,가을,4500.0
710,2015-12-30,서울,가을,5000.0
711,2015-12-30,부산,가을,4500.0
712,2015-12-30,대구,가을,4000.0
713,2015-12-30,광주,가을,3500.0
714,2015-12-30,대전,가을,4500.0
715,2015-12-31,서울,가을,5000.0
716,2015-12-31,부산,가을,4500.0
717,2015-12-31,대구,가을,4000.0
718,2015-12-31,광주,가을,3500.0
719,2015-12-31,대전,가을,4500.0
720,2016-01-04,서울,가을,4500.0
721,2016-01-04,부산,가을,4500.0
722,2016-01-04,대구,가을,4000.0
723,2016-01-04,광주,가을,3500.0
724,2016-01-04,대전,가을,4500.0
725,2016-01-05,서울,가을,4500.0
726,2016-01-05,부산,가을,4500.0
727,2016-01-05,대구,가을,4000.0
728,2016-01-05,광주,가을,4000.0
729,2016-01-05,대전,가을,4500.0
730,2016-01-06,서울,가을,4500.0
731,2016-01-06,부산,가을,4500.0
732,2016-01-06,대구,가을,4000.0
733,2016-01-06,광주,가을,4000.0
734,2016-01-06,대전,가을,4500.0
735,2016-01-07,서울,가을,4500.0
736,2016-01-07,부산,가을,4500.0
737,2016-01-07,대구,가을,4000.0
738,2016-01-07,광주,가을,4000.0
739,2016-01-07,대전,가을,4500.0
740,2016-01-08,서울,가을,4500.0
741,2016-01-08,부산,가을,4500.0
742,2016-01-08,대구,가을,4000.0
743,2016-01-08,광주,가을,4000.0
744,2016-01-08,대전,가을,4500.0
745,2016-11-01,서울,가을,7000.0
746,2016-11-01,부산,가을,7000.0
747,2016-11-01,대구,가을,6000.0
748,2016-11-01,광주,가을,5000.0
749,2016-11-01,대전,가을,8000.0
750,2016-11-02,서울,가을,7000.0
751,2016-11-02,부산,가을,7000.0
752,2016-11-02,대구,가을,6000.0
753,2016-11-02,광주,가을,5000.0
754,2016-11-02,대전,가을,8000.0
755,2016-11-03,서울,가을,7000.0
756,2016-11-03,부산,가을,7000.0
757,2016-11-03,대구,가을,6000.0
758,2016-11-03,광주,가을,5000.0
759,2016-11-03,대전,가을,8000.0
760,2016-11-04,서울,가을,7000.0
761,2016-11-04,부산,가을,7000.0
762,2016-11-04,대구,가을,6000.0
763,2016-11-04,광주,가을,5000.0
764,2016-11-04,대전,가을,7000.0
765,2016-11-07,서울,가을,7000.0
766,2016-11-07,부산,가을,7000.0
767,2016-11-07,대구,가을,7000.0
768,2016-11-07,광주,가을,5000.0
769,2016-11-07,대전,가을,7000.0
770,2016-11-08,서울,가을,7000.0
771,2016-11-08,부산,가을,7000.0
772,2016-11-08,대구,가을,7000.0
773,2016-11-08,광주,가을,6000.0
774,2016-11-08,대전,가을,7000.0
775,2016-11-09,서울,가을,7000.0
776,2016-11-09,부산,가을,7000.0
777,2016-11-09,대구,가을,7000.0
778,2016-11-09,광주,가을,6000.0
779,2016-11-09,대전,가을,10000.0
780,2016-11-10,서울,가을,7000.0
781,2016-11-10,부산,가을,7000.0
782,2016-11-10,대구,가을,7000.0
783,2016-11-10,광주,가을,7000.0
784,2016-11-10,대전,가을,8000.0
785,2016-11-11,서울,가을,8000.0
786,2016-11-11,부산,가을,7000.0
787,2016-11-11,대구,가을,7000.0
788,2016-11-11,광주,가을,7000.0
789,2016-11-11,대전,가을,8000.0
790,2016-11-14,서울,가을,8000.0
791,2016-11-14,부산,가을,7000.0
792,2016-11-14,대구,가을,7000.0
793,2016-11-14,광주,가을,7000.0
794,2016-11-14,대전,가을,8000.0
795,2016-11-15,서울,가을,8000.0
796,2016-11-15,부산,가을,7000.0
797,2016-11-15,대구,가을,7000.0
798,2016-11-15,광주,가을,7000.0
799,2016-11-15,대전,가을,8000.0
800,2016-11-16,서울,가을,8000.0
801,2016-11-16,부산,가을,8000.0
802,2016-11-16,대구,가을,8000.0
803,2016-11-16,광주,가을,8000.0
804,2016-11-16,대전,가을,8000.0
805,2016-11-17,서울,가을,9000.0
806,2016-11-17,부산,가을,8000.0
807,2016-11-17,대구,가을,8000.0
808,2016-11-17,광주,가을,8000.0
809,2016-11-17,대전,가을,8000.0
810,2016-11-18,서울,가을,11000.0
811,2016-11-18,부산,가을,10000.0
812,2016-11-18,대구,가을,10000.0
813,2016-11-18,광주,가을,8000.0
814,2016-11-18,대전,가을,10000.0
815,2016-11-21,서울,가을,11000.0
816,2016-11-21,부산,가을,11000.0
817,2016-11-21,대구,가을,10000.0
818,2016-11-21,광주,가을,9000.0
819,2016-11-21,대전,가을,10000.0
820,2016-11-22,서울,가을,11000.0
821,2016-11-22,부산,가을,10000.0
822,2016-11-22,대구,가을,10000.0
823,2016-11-22,광주,가을,9000.0
824,2016-11-22,대전,가을,10000.0
825,2016-11-23,서울,가을,11000.0
826,2016-11-23,부산,가을,10000.0
827,2016-11-23,대구,가을,11000.0
828,2016-11-23,광주,가을,9000.0
829,2016-11-23,대전,가을,10000.0
830,2016-11-24,서울,가을,11000.0
831,2016-11-24,부산,가을,10000.0
832,2016-11-24,대구,가을,11000.0
833,2016-11-24,광주,가을,8000.0
834,2016-11-24,대전,가을,12000.0
835,2016-11-25,서울,가을,11000.0
836,2016-11-25,부산,가을,10000.0
837,2016-11-25,대구,가을,11000.0
838,2016-11-25,광주,가을,8000.0
839,2016-11-25,대전,가을,12000.0
840,2016-11-28,서울,가을,11000.0
841,2016-11-28,부산,가을,10000.0
842,2016-11-28,대구,가을,11000.0
843,2016-11-28,광주,가을,8000.0
844,2016-11-28,대전,가을,12000.0
845,2016-11-29,서울,가을,11000.0
846,2016-11-29,부산,가을,10000.0
847,2016-11-29,대구,가을,11000.0
848,2016-11-29,광주,가을,8000.0
849,2016-11-29,대전,가을,12000.0
850,2016-11-30,서울,가을,11000.0
851,2016-11-30,부산,가을,10000.0
852,2016-11-30,대구,가을,11000.0
853,2016-11-30,광주,가을,8000.0
854,2016-11-30,대전,가을,11000.0
855,2016-12-01,서울,가을,11000.0
856,2016-12-01,부산,가을,11000.0
857,2016-12-01,대구,가을,11000.0
858,2016-12-01,광주,가을,8000.0
859,2016-12-01,대전,가을,11000.0
860,2016-12-05,서울,가을,10000.0
861,2016-12-05,부산,가을,11000.0
862,2016-12-05,대구,가을,11000.0
863,2016-12-05,광주,가을,8000.0
864,2016-12-05,대전,가을,11000.0
865,2016-12-06,서울,가을,10000.0
866,2016-12-06,부산,가을,10000.0
867,2016-12-06,대구,가을,11000.0
868,2016-12-06,광주,가을,8000.0
869,2016-12-06,대전,가을,11000.0
870,2016-12-07,서울,가을,9000.0
871,2016-12-07,부산,가을,10000.0
872,2016-12-07,대구,가을,10000.0
873,2016-12-07,광주,가을,8000.0
874,2016-12-07,대전,가을,10000.0
875,2016-12-08,서울,가을,9000.0
876,2016-12-08,부산,가을,10000.0
877,2016-12-08,대구,가을,10000.0
878,2016-12-08,광주,가을,8000.0
879,2016-12-08,대전,가을,10000.0
880,2016-12-09,서울,가을,9000.0
881,2016-12-09,부산,가을,9000.0
882,2016-12-09,대구,가을,9000.0
883,2016-12-09,광주,가을,8000.0
884,2016-12-09,대전,가을,9000.0
885,2016-12-12,서울,가을,10000.0
886,2016-12-12,부산,가을,9000.0
887,2016-12-12,대구,가을,9000.0
888,2016-12-12,광주,가을,8000.0
889,2016-12-12,대전,가을,10000.0
890,2016-12-13,서울,가을,9000.0
891,2016-12-13,부산,가을,9000.0
892,2016-12-13,대구,가을,9000.0
893,2016-12-13,광주,가을,8000.0
894,2016-12-13,대전,가을,10000.0
895,2016-12-14,서울,가을,9000.0
896,2016-12-14,부산,가을,9000.0
897,2016-12-14,대구,가을,9000.0
898,2016-12-14,광주,가을,8000.0
899,2016-12-14,대전,가을,9000.0
900,2016-12-15,서울,가을,9000.0
901,2016-12-15,부산,가을,9000.0
902,2016-12-15,대구,가을,9000.0
903,2016-12-15,광주,가을,8000.0
904,2016-12-15,대전,가을,9000.0
905,2016-12-16,서울,가을,9000.0
906,2016-12-16,부산,가을,10000.0
907,2016-12-16,대구,가을,9000.0
908,2016-12-16,광주,가을,10000.0
909,2016-12-16,대전,가을,10000.0
910,2016-12-19,서울,가을,9000.0
911,2016-12-19,부산,가을,10000.0
912,2016-12-19,대구,가을,9000.0
913,2016-12-19,광주,가을,8000.0
914,2016-12-19,대전,가을,10000.0
915,2016-12-20,서울,가을,9000.0
916,2016-12-20,부산,가을,9000.0
917,2016-12-20,대구,가을,9000.0
918,2016-12-20,광주,가을,8000.0
919,2016-12-20,대전,가을,10000.0
920,2016-12-21,서울,가을,9000.0
921,2016-12-21,부산,가을,9000.0
922,2016-12-21,대구,가을,9000.0
923,2016-12-21,광주,가을,8000.0
924,2016-12-21,대전,가을,10000.0
925,2016-12-22,서울,가을,9000.0
926,2016-12-22,부산,가을,9000.0
927,2016-12-22,대구,가을,9000.0
928,2016-12-22,광주,가을,8000.0
929,2016-12-22,대전,가을,9000.0
930,2016-12-23,서울,가을,9000.0
931,2016-12-23,부산,가을,9000.0
932,2016-12-23,대구,가을,8000.0
933,2016-12-23,광주,가을,8000.0
934,2016-12-23,대전,가을,8000.0
935,2016-12-26,서울,가을,9000.0
936,2016-12-26,부산,가을,9000.0
937,2016-12-26,대구,가을,8000.0
938,2016-12-26,광주,가을,8000.0
939,2016-12-26,대전,가을,9000.0
940,2016-12-27,서울,가을,9000.0
941,2016-12-27,부산,가을,9000.0
942,2016-12-27,대구,가을,8000.0
943,2016-12-27,광주,가을,8000.0
944,2016-12-27,대전,가을,9000.0
945,2016-12-28,서울,가을,9000.0
946,2016-12-28,부산,가을,9000.0
947,2016-12-28,대구,가을,8000.0
948,2016-12-28,광주,가을,8000.0
949,2016-12-28,대전,가을,9000.0
950,2016-12-29,서울,가을,9000.0
951,2016-12-29,부산,가을,9000.0
952,2016-12-29,대구,가을,8000.0
953,2016-12-29,광주,가을,8000.0
954,2016-12-29,대전,가을,9000.0
955,2016-12-30,서울,가을,9000.0
956,2016-12-30,부산,가을,9000.0
957,2016-12-30,대구,가을,8000.0
958,2016-12-30,광주,가을,7000.0
959,2016-12-30,대전,가을,9000.0
960,2017-10-23,서울,가을,6000.0
961,2017-10-23,부산,가을,6000.0
962,2017-10-23,대구,가을,6000.0
963,2017-10-23,광주,가을,6000.0
964,2017-10-23,대전,가을,5000.0
965,2017-10-24,서울,가을,6000.0
966,2017-10-24,부산,가을,6000.0
967,2017-10-24,대구,가을,6000.0
968,2017-10-24,광주,가을,6000.0
969,2017-10-24,대전,가을,5000.0
970,2017-10-25,서울,가을,6000.0
971,2017-10-25,부산,가을,6000.0
972,2017-10-25,대구,가을,6000.0
973,2017-10-25,광주,가을,6000.0
974,2017-10-25,대전,가을,5000.0
975,2017-10-26,서울,가을,6000.0
976,2017-10-26,부산,가을,6000.0
977,2017-10-26,대구,가을,6000.0
978,2017-10-26,광주,가을,6000.0
979,2017-10-26,대전,가을,5000.0
980,2017-10-27,서울,가을,6000.0
981,2017-10-27,부산,가을,6000.0
982,2017-10-27,대구,가을,6000.0
983,2017-10-27,광주,가을,6000.0
984,2017-10-27,대전,가을,5000.0
985,2017-10-30,서울,가을,6000.0
986,2017-10-30,부산,가을,6000.0
987,2017-10-30,대구,가을,6000.0
988,2017-10-30,광주,가을,5800.0
989,2017-10-30,대전,가을,5000.0
990,2017-10-31,서울,가을,6000.0
991,2017-10-31,부산,가을,6000.0
992,2017-10-31,대구,가을,6000.0
993,2017-10-31,광주,가을,5800.0
994,2017-10-31,대전,가을,5000.0
995,2017-11-01,서울,가을,6000.0
996,2017-11-01,부산,가을,5000.0
997,2017-11-01,대구,가을,6000.0
998,2017-11-01,광주,가을,5000.0
999,2017-11-01,대전,가을,5000.0
1000,2017-11-02,서울,가을,6000.0
1001,2017-11-02,부산,가을,5000.0
1002,2017-11-02,대구,가을,6000.0
1003,2017-11-02,광주,가을,4800.0
1004,2017-11-02,대전,가을,5000.0
1005,2017-11-03,서울,가을,6000.0
1006,2017-11-03,부산,가을,5000.0
1007,2017-11-03,대구,가을,6000.0
1008,2017-11-03,광주,가을,5300.0
1009,2017-11-03,대전,가을,5000.0
1010,2017-11-06,서울,가을,6000.0
1011,2017-11-06,부산,가을,5000.0
1012,2017-11-06,대구,가을,6000.0
1013,2017-11-06,광주,가을,5000.0
1014,2017-11-06,대전,가을,5000.0
1015,2017-11-07,서울,가을,6000.0
1016,2017-11-07,부산,가을,5000.0
1017,2017-11-07,대구,가을,6000.0
1018,2017-11-07,광주,가을,5300.0
1019,2017-11-07,대전,가을,5000.0
1020,2017-11-08,서울,가을,6000.0
1021,2017-11-08,부산,가을,6000.0
1022,2017-11-08,대구,가을,6000.0
1023,2017-11-08,광주,가을,5800.0
1024,2017-11-08,대전,가을,6000.0
1025,2017-11-09,서울,가을,6000.0
1026,2017-11-09,부산,가을,6000.0
1027,2017-11-09,대구,가을,6000.0
1028,2017-11-09,광주,가을,6000.0
1029,2017-11-09,대전,가을,6000.0
1030,2017-11-10,서울,가을,7000.0
1031,2017-11-10,부산,가을,6000.0
1032,2017-11-10,대구,가을,6000.0
1033,2017-11-10,광주,가을,6000.0
1034,2017-11-10,대전,가을,6000.0
1035,2017-11-13,서울,가을,6000.0
1036,2017-11-13,부산,가을,6000.0
1037,2017-11-13,대구,가을,6000.0
1038,2017-11-13,광주,가을,6300.0
1039,2017-11-13,대전,가을,6700.0
1040,2017-11-14,서울,가을,6000.0
1041,2017-11-14,부산,가을,6000.0
1042,2017-11-14,대구,가을,6000.0
1043,2017-11-14,광주,가을,6000.0
1044,2017-11-14,대전,가을,6000.0
1045,2017-11-15,서울,가을,6000.0
1046,2017-11-15,부산,가을,6000.0
1047,2017-11-15,대구,가을,6000.0
1048,2017-11-15,광주,가을,6000.0
1049,2017-11-15,대전,가을,6000.0
1050,2017-11-16,서울,가을,6000.0
1051,2017-11-16,부산,가을,6000.0
1052,2017-11-16,대구,가을,6000.0
1053,2017-11-16,광주,가을,5800.0
1054,2017-11-16,대전,가을,7000.0
1055,2017-11-17,서울,가을,6000.0
1056,2017-11-17,부산,가을,6000.0
1057,2017-11-17,대구,가을,6000.0
1058,2017-11-17,광주,가을,6200.0
1059,2017-11-17,대전,가을,8000.0
1060,2017-11-20,서울,가을,6000.0
1061,2017-11-20,부산,가을,6000.0
1062,2017-11-20,대구,가을,6000.0
1063,2017-11-20,광주,가을,6200.0
1064,2017-11-20,대전,가을,7000.0
1065,2017-11-21,서울,가을,7000.0
1066,2017-11-21,부산,가을,6000.0
1067,2017-11-21,대구,가을,6000.0
1068,2017-11-21,광주,가을,6500.0
1069,2017-11-21,대전,가을,7000.0
1070,2017-11-22,서울,가을,7000.0
1071,2017-11-22,부산,가을,6000.0
1072,2017-11-22,대구,가을,6000.0
1073,2017-11-22,광주,가을,6800.0
1074,2017-11-22,대전,가을,7000.0
1075,2017-11-23,서울,가을,7000.0
1076,2017-11-23,부산,가을,7000.0
1077,2017-11-23,대구,가을,7000.0
1078,2017-11-23,광주,가을,7000.0
1079,2017-11-23,대전,가을,7000.0
1080,2017-11-24,서울,가을,8000.0
1081,2017-11-24,부산,가을,7000.0
1082,2017-11-24,대구,가을,7000.0
1083,2017-11-24,광주,가을,7000.0
1084,2017-11-24,대전,가을,7000.0
1085,2017-11-27,서울,가을,7000.0
1086,2017-11-27,부산,가을,6000.0
1087,2017-11-27,대구,가을,6000.0
1088,2017-11-27,광주,가을,6000.0
1089,2017-11-27,대전,가을,6000.0
1090,2017-11-28,서울,가을,7000.0
1091,2017-11-28,부산,가을,6000.0
1092,2017-11-28,대구,가을,5000.0
1093,2017-11-28,광주,가을,5800.0
1094,2017-11-28,대전,가을,6000.0
1095,2017-11-29,서울,가을,6000.0
1096,2017-11-29,부산,가을,6000.0
1097,2017-11-29,대구,가을,5000.0
1098,2017-11-29,광주,가을,5800.0
1099,2017-11-29,대전,가을,7000.0
1100,2017-11-30,서울,가을,6000.0
1101,2017-11-30,부산,가을,6000.0
1102,2017-11-30,대구,가을,5000.0
1103,2017-11-30,광주,가을,5800.0
1104,2017-11-30,대전,가을,7000.0
1105,2017-12-04,서울,가을,6000.0
1106,2017-12-04,부산,가을,6000.0
1107,2017-12-04,대구,가을,5000.0
1108,2017-12-04,광주,가을,5200.0
1109,2017-12-04,대전,가을,7000.0
1110,2017-12-05,서울,가을,6000.0
1111,2017-12-05,부산,가을,5500.0
1112,2017-12-05,대구,가을,5000.0
1113,2017-12-05,광주,가을,5000.0
1114,2017-12-05,대전,가을,6000.0
1115,2017-12-06,서울,가을,6000.0
1116,2017-12-06,부산,가을,5500.0
1117,2017-12-06,대구,가을,5000.0
1118,2017-12-06,광주,가을,4800.0
1119,2017-12-06,대전,가을,6000.0
1120,2017-12-07,서울,가을,6000.0
1121,2017-12-07,부산,가을,5500.0
1122,2017-12-07,대구,가을,5000.0
1123,2017-12-07,광주,가을,5000.0
1124,2017-12-07,대전,가을,6000.0
1125,2017-12-08,서울,가을,6000.0
1126,2017-12-08,부산,가을,6000.0
1127,2017-12-08,대구,가을,6000.0
1128,2017-12-08,광주,가을,6100.0
1129,2017-12-08,대전,가을,7000.0
1130,2017-12-11,서울,가을,6000.0
1131,2017-12-11,부산,가을,6000.0
1132,2017-12-11,대구,가을,7000.0
1133,2017-12-11,광주,가을,6100.0
1134,2017-12-11,대전,가을,7000.0
1135,2017-12-12,서울,가을,6000.0
1136,2017-12-12,부산,가을,6000.0
1137,2017-12-12,대구,가을,7000.0
1138,2017-12-12,광주,가을,6100.0
1139,2017-12-12,대전,가을,7000.0
1140,2017-12-13,서울,가을,6000.0
1141,2017-12-13,부산,가을,6000.0
1142,2017-12-13,대구,가을,7000.0
1143,2017-12-13,광주,가을,6100.0
1144,2017-12-13,대전,가을,7000.0
1145,2017-12-14,서울,가을,7000.0
1146,2017-12-14,부산,가을,6000.0
1147,2017-12-14,대구,가을,7000.0
1148,2017-12-14,광주,가을,6000.0
1149,2017-12-14,대전,가을,7000.0
1150,2017-12-15,서울,가을,7000.0
1151,2017-12-15,부산,가을,6000.0
1152,2017-12-15,대구,가을,7000.0
1153,2017-12-15,광주,가을,6300.0
1154,2017-12-15,대전,가을,7000.0
1155,2017-12-18,서울,가을,7000.0
1156,2017-12-18,부산,가을,6000.0
1157,2017-12-18,대구,가을,7000.0
1158,2017-12-18,광주,가을,6300.0
1159,2017-12-18,대전,가을,8000.0
1160,2017-12-19,서울,가을,7000.0
1161,2017-12-19,부산,가을,6000.0
1162,2017-12-19,대구,가을,7000.0
1163,2017-12-19,광주,가을,6500.0
1164,2017-12-19,대전,가을,8000.0
1165,2017-12-20,서울,가을,7000.0
1166,2017-12-20,부산,가을,7000.0
1167,2017-12-20,대구,가을,7000.0
1168,2017-12-20,광주,가을,6000.0
1169,2017-12-20,대전,가을,8000.0
1170,2017-12-21,서울,가을,7000.0
1171,2017-12-21,부산,가을,7000.0
1172,2017-12-21,대구,가을,7000.0
1173,2017-12-21,광주,가을,6200.0
1174,2017-12-21,대전,가을,8000.0
1175,2017-12-22,서울,가을,7000.0
1176,2017-12-22,부산,가을,7000.0
1177,2017-12-22,대구,가을,7000.0
1178,2017-12-22,광주,가을,6200.0
1179,2017-12-22,대전,가을,8000.0
1180,2017-12-26,서울,가을,7000.0
1181,2017-12-26,부산,가을,7000.0
1182,2017-12-26,대구,가을,7000.0
1183,2017-12-26,광주,가을,6500.0
1184,2017-12-26,대전,가을,7000.0
1185,2017-12-27,서울,가을,7000.0
1186,2017-12-27,부산,가을,7000.0
1187,2017-12-27,대구,가을,7000.0
1188,2017-12-27,광주,가을,6800.0
1189,2017-12-27,대전,가을,7000.0
1190,2017-12-28,서울,가을,7000.0
1191,2017-12-28,부산,가을,7000.0
1192,2017-12-28,대구,가을,7000.0
1193,2017-12-28,광주,가을,6500.0
1194,2017-12-28,대전,가을,7000.0
1195,2017-12-29,서울,가을,7000.0
1196,2017-12-29,부산,가을,7000.0
1197,2017-12-29,대구,가을,7000.0
1198,2017-12-29,광주,가을,6000.0
1199,2017-12-29,대전,가을,7000.0
1200,2018-01-02,서울,가을,7000.0
1201,2018-01-02,부산,가을,7000.0
1202,2018-01-02,대구,가을,7000.0
1203,2018-01-02,광주,가을,5500.0
1204,2018-01-02,대전,가을,7000.0
1205,2018-01-03,서울,가을,7000.0
1206,2018-01-03,부산,가을,7000.0
1207,2018-01-03,대구,가을,7000.0
1208,2018-01-03,광주,가을,5300.0
1209,2018-01-03,대전,가을,7000.0
1210,2018-01-04,서울,가을,7000.0
1211,2018-01-04,부산,가을,7000.0
1212,2018-01-04,대구,가을,7000.0
1213,2018-01-04,광주,가을,5500.0
1214,2018-01-04,대전,가을,7000.0
1215,2018-01-05,서울,가을,7000.0
1216,2018-01-05,부산,가을,7000.0
1217,2018-01-05,대구,가을,7000.0
1218,2018-01-05,광주,가을,5500.0
1219,2018-01-05,대전,가을,7000.0
1220,2018-10-29,서울,가을,7000.0
1221,2018-10-29,부산,가을,8000.0
1222,2018-10-29,대구,가을,8000.0
1223,2018-10-29,광주,가을,9000.0
1224,2018-10-29,대전,가을,8000.0
1225,2018-10-30,서울,가을,7000.0
1226,2018-10-30,부산,가을,8000.0
1227,2018-10-30,대구,가을,8000.0
1228,2018-10-30,광주,가을,8000.0
1229,2018-10-30,대전,가을,8000.0
1230,2018-10-31,서울,가을,7000.0
1231,2018-10-31,부산,가을,8000.0
1232,2018-10-31,대구,가을,8000.0
1233,2018-10-31,광주,가을,8000.0
1234,2018-10-31,대전,가을,8000.0
1235,2018-11-01,서울,가을,7000.0
1236,2018-11-01,부산,가을,8000.0
1237,2018-11-01,대구,가을,8000.0
1238,2018-11-01,광주,가을,8000.0
1239,2018-11-01,대전,가을,8000.0
1240,2018-11-02,서울,가을,7000.0
1241,2018-11-02,부산,가을,8000.0
1242,2018-11-02,대구,가을,8000.0
1243,2018-11-02,광주,가을,8000.0
1244,2018-11-02,대전,가을,8000.0
1245,2018-11-05,서울,가을,7000.0
1246,2018-11-05,부산,가을,8000.0
1247,2018-11-05,대구,가을,7500.0
1248,2018-11-05,광주,가을,9000.0
1249,2018-11-05,대전,가을,9000.0
1250,2018-11-06,서울,가을,8000.0
1251,2018-11-06,부산,가을,8000.0
1252,2018-11-06,대구,가을,7500.0
1253,2018-11-06,광주,가을,8000.0
1254,2018-11-06,대전,가을,10000.0
1255,2018-11-07,서울,가을,8000.0
1256,2018-11-07,부산,가을,8000.0
1257,2018-11-07,대구,가을,7500.0
1258,2018-11-07,광주,가을,8000.0
1259,2018-11-07,대전,가을,9000.0
1260,2018-11-08,서울,가을,9000.0
1261,2018-11-08,부산,가을,8000.0
1262,2018-11-08,대구,가을,8000.0
1263,2018-11-08,광주,가을,8000.0
1264,2018-11-08,대전,가을,8000.0
1265,2018-11-09,서울,가을,8000.0
1266,2018-11-09,부산,가을,8000.0
1267,2018-11-09,대구,가을,8000.0
1268,2018-11-09,광주,가을,9000.0
1269,2018-11-09,대전,가을,8000.0
1270,2018-11-12,서울,가을,7000.0
1271,2018-11-12,부산,가을,7000.0
1272,2018-11-12,대구,가을,8000.0
1273,2018-11-12,광주,가을,8000.0
1274,2018-11-12,대전,가을,8000.0
1275,2018-11-13,서울,가을,7000.0
1276,2018-11-13,부산,가을,7000.0
1277,2018-11-13,대구,가을,8000.0
1278,2018-11-13,광주,가을,8000.0
1279,2018-11-13,대전,가을,8000.0
1280,2018-11-14,서울,가을,7000.0
1281,2018-11-14,부산,가을,7000.0
1282,2018-11-14,대구,가을,8000.0
1283,2018-11-14,광주,가을,9000.0
1284,2018-11-14,대전,가을,8000.0
1285,2018-11-15,서울,가을,7000.0
1286,2018-11-15,부산,가을,7000.0
1287,2018-11-15,대구,가을,8000.0
1288,2018-11-15,광주,가을,9000.0
1289,2018-11-15,대전,가을,8000.0
1290,2018-11-16,서울,가을,7000.0
1291,2018-11-16,부산,가을,7000.0
1292,2018-11-16,대구,가을,7000.0
1293,2018-11-16,광주,가을,8000.0
1294,2018-11-16,대전,가을,7000.0
1295,2018-11-19,서울,가을,6000.0
1296,2018-11-19,부산,가을,7000.0
1297,2018-11-19,대구,가을,7000.0
1298,2018-11-19,광주,가을,9000.0
1299,2018-11-19,대전,가을,8000.0
1300,2018-11-20,서울,가을,6000.0
1301,2018-11-20,부산,가을,7000.0
1302,2018-11-20,대구,가을,7000.0
1303,2018-11-20,광주,가을,9000.0
1304,2018-11-20,대전,가을,7000.0
1305,2018-11-21,서울,가을,6000.0
1306,2018-11-21,부산,가을,7000.0
1307,2018-11-21,대구,가을,7000.0
1308,2018-11-21,광주,가을,9000.0
1309,2018-11-21,대전,가을,7000.0
1310,2018-11-22,서울,가을,6000.0
1311,2018-11-22,부산,가을,7000.0
1312,2018-11-22,대구,가을,7000.0
1313,2018-11-22,광주,가을,8000.0
1314,2018-11-22,대전,가을,7000.0
1315,2018-11-23,서울,가을,6000.0
1316,2018-11-23,부산,가을,7000.0
1317,2018-11-23,대구,가을,7500.0
1318,2018-11-23,광주,가을,9000.0
1319,2018-11-23,대전,가을,8000.0
1320,2018-11-26,서울,가을,6000.0
1321,2018-11-26,부산,가을,7000.0
1322,2018-11-26,대구,가을,7000.0
1323,2018-11-26,광주,가을,8000.0
1324,2018-11-26,대전,가을,7000.0
1325,2018-11-27,서울,가을,6000.0
1326,2018-11-27,부산,가을,7000.0
1327,2018-11-27,대구,가을,6000.0
1328,2018-11-27,광주,가을,7000.0
1329,2018-11-27,대전,가을,6000.0
1330,2018-11-28,서울,가을,6000.0
1331,2018-11-28,부산,가을,7000.0
1332,2018-11-28,대구,가을,6000.0
1333,2018-11-28,광주,가을,8000.0
1334,2018-11-28,대전,가을,6000.0
1335,2018-11-29,서울,가을,6000.0
1336,2018-11-29,부산,가을,7000.0
1337,2018-11-29,대구,가을,6000.0
1338,2018-11-29,광주,가을,8000.0
1339,2018-11-29,대전,가을,6000.0
1340,2018-11-30,서울,가을,6000.0
1341,2018-11-30,부산,가을,7000.0
1342,2018-11-30,대구,가을,7000.0
1343,2018-11-30,광주,가을,8000.0
1344,2018-11-30,대전,가을,6000.0
1345,2018-12-03,서울,가을,6000.0
1346,2018-12-03,부산,가을,7000.0
1347,2018-12-03,대구,가을,6500.0
1348,2018-12-03,광주,가을,7000.0
1349,2018-12-03,대전,가을,6660.0
1350,2018-12-04,서울,가을,6000.0
1351,2018-12-04,부산,가을,7000.0
1352,2018-12-04,대구,가을,6500.0
1353,2018-12-04,광주,가을,7000.0
1354,2018-12-04,대전,가을,6000.0
1355,2018-12-05,서울,가을,6000.0
1356,2018-12-05,부산,가을,7000.0
1357,2018-12-05,대구,가을,6500.0
1358,2018-12-05,광주,가을,7000.0
1359,2018-12-05,대전,가을,6330.0
1360,2018-12-06,서울,가을,6000.0
1361,2018-12-06,부산,가을,7000.0
1362,2018-12-06,대구,가을,6500.0
1363,2018-12-06,광주,가을,8000.0
1364,2018-12-06,대전,가을,6000.0
1365,2018-12-10,서울,가을,6000.0
1366,2018-12-10,부산,가을,7000.0
1367,2018-12-10,대구,가을,6500.0
1368,2018-12-10,광주,가을,8000.0
1369,2018-12-10,대전,가을,7330.0
1370,2018-12-11,서울,가을,6000.0
1371,2018-12-11,부산,가을,7000.0
1372,2018-12-11,대구,가을,6500.0
1373,2018-12-11,광주,가을,8000.0
1374,2018-12-11,대전,가을,7330.0
1375,2018-12-12,서울,가을,6000.0
1376,2018-12-12,부산,가을,7000.0
1377,2018-12-12,대구,가을,6500.0
1378,2018-12-12,광주,가을,8000.0
1379,2018-12-12,대전,가을,7330.0
1380,2018-12-13,서울,가을,6000.0
1381,2018-12-13,부산,가을,7000.0
1382,2018-12-13,대구,가을,6500.0
1383,2018-12-13,광주,가을,8000.0
1384,2018-12-13,대전,가을,7330.0
1385,2018-12-14,서울,가을,6000.0
1386,2018-12-14,부산,가을,6000.0
1387,2018-12-14,대구,가을,6000.0
1388,2018-12-14,광주,가을,8000.0
1389,2018-12-14,대전,가을,6330.0
1390,2018-12-17,서울,가을,6000.0
1391,2018-12-17,부산,가을,6000.0
1392,2018-12-17,대구,가을,5500.0
1393,2018-12-17,광주,가을,7000.0
1394,2018-12-17,대전,가을,6000.0
1395,2018-12-18,서울,가을,5000.0
1396,2018-12-18,부산,가을,6000.0
1397,2018-12-18,대구,가을,5500.0
1398,2018-12-18,광주,가을,6000.0
1399,2018-12-18,대전,가을,6000.0
1400,2018-12-19,서울,가을,4500.0
1401,2018-12-19,부산,가을,6000.0
1402,2018-12-19,대구,가을,5500.0
1403,2018-12-19,광주,가을,6000.0
1404,2018-12-19,대전,가을,6000.0
1405,2018-12-20,서울,가을,4500.0
1406,2018-12-20,부산,가을,6000.0
1407,2018-12-20,대구,가을,5500.0
1408,2018-12-20,광주,가을,6000.0
1409,2018-12-20,대전,가을,6000.0
1410,2018-12-21,서울,가을,4500.0
1411,2018-12-21,부산,가을,6000.0
1412,2018-12-21,대구,가을,5500.0
1413,2018-12-21,광주,가을,6000.0
1414,2018-12-21,대전,가을,6000.0
1415,2018-12-24,서울,가을,4500.0
1416,2018-12-24,부산,가을,6000.0
1417,2018-12-24,대구,가을,5500.0
1418,2018-12-24,광주,가을,6000.0
1419,2018-12-24,대전,가을,6000.0
1420,2018-12-26,서울,가을,4500.0
1421,2018-12-26,부산,가을,6000.0
1422,2018-12-26,대구,가을,5500.0
1423,2018-12-26,광주,가을,7000.0
1424,2018-12-26,대전,가을,6000.0
1425,2018-12-27,서울,가을,4500.0
1426,2018-12-27,부산,가을,5000.0
1427,2018-12-27,대구,가을,5500.0
1428,2018-12-27,광주,가을,7000.0
1429,2018-12-27,대전,가을,5330.0
1430,2018-12-28,서울,가을,4500.0
1431,2018-12-28,부산,가을,5000.0
1432,2018-12-28,대구,가을,5500.0
1433,2018-12-28,광주,가을,7000.0
1434,2018-12-28,대전,가을,5330.0
1435,2018-12-31,서울,가을,4500.0
1436,2018-12-31,부산,가을,5000.0
1437,2018-12-31,대구,가을,5500.0
1438,2018-12-31,광주,가을,7000.0
1439,2018-12-31,대전,가을,5660.0
1440,2019-01-02,서울,가을,4500.0
1441,2019-01-02,부산,가을,5000.0
1442,2019-01-02,대구,가을,5500.0
1443,2019-01-02,광주,가을,7000.0
1444,2019-01-02,대전,가을,5660.0
1445,2019-01-03,서울,가을,4500.0
1446,2019-01-03,부산,가을,5000.0
1447,2019-01-03,대구,가을,5500.0
1448,2019-01-03,광주,가을,7000.0
1449,2019-01-03,대전,가을,6000.0
1450,2019-01-04,서울,가을,4500.0
1451,2019-01-04,부산,가을,5000.0
1452,2019-01-04,대구,가을,5500.0
1453,2019-01-04,광주,가을,7000.0
1454,2019-01-04,대전,가을,6000.0
1455,2019-10-21,서울,가을,15000.0
1456,2019-10-21,부산,가을,15000.0
1457,2019-10-21,대구,가을,14000.0
1458,2019-10-21,광주,가을,15000.0
1459,2019-10-21,대전,가을,14800.0
1460,2019-10-22,서울,가을,14000.0
1461,2019-10-22,부산,가을,14000.0
1462,2019-10-22,대구,가을,14000.0
1463,2019-10-22,광주,가을,14000.0
1464,2019-10-22,대전,가을,14800.0
1465,2019-10-23,서울,가을,13000.0
1466,2019-10-23,부산,가을,13000.0
1467,2019-10-23,대구,가을,14000.0
1468,2019-10-23,광주,가을,14000.0
1469,2019-10-23,대전,가을,14000.0
1470,2019-10-24,서울,가을,12000.0
1471,2019-10-24,부산,가을,12000.0
1472,2019-10-24,대구,가을,13000.0
1473,2019-10-24,광주,가을,14000.0
1474,2019-10-24,대전,가을,14000.0
1475,2019-10-25,서울,가을,12000.0
1476,2019-10-25,부산,가을,12000.0
1477,2019-10-25,대구,가을,12500.0
1478,2019-10-25,광주,가을,13000.0
1479,2019-10-25,대전,가을,13000.0
1480,2019-10-28,서울,가을,11000.0
1481,2019-10-28,부산,가을,12000.0
1482,2019-10-28,대구,가을,12000.0
1483,2019-10-28,광주,가을,14000.0
1484,2019-10-28,대전,가을,12000.0
1485,2019-10-29,서울,가을,11000.0
1486,2019-10-29,부산,가을,12000.0
1487,2019-10-29,대구,가을,12000.0
1488,2019-10-29,광주,가을,13000.0
1489,2019-10-29,대전,가을,12000.0
1490,2019-10-30,서울,가을,11000.0
1491,2019-10-30,부산,가을,12000.0
1492,2019-10-30,대구,가을,12000.0
1493,2019-10-30,광주,가을,14000.0
1494,2019-10-30,대전,가을,12000.0
1495,2019-10-31,서울,가을,11000.0
1496,2019-10-31,부산,가을,12000.0
1497,2019-10-31,대구,가을,11000.0
1498,2019-10-31,광주,가을,13000.0
1499,2019-10-31,대전,가을,10000.0
1500,2019-11-01,서울,가을,11000.0
1501,2019-11-01,부산,가을,12000.0
1502,2019-11-01,대구,가을,11000.0
1503,2019-11-01,광주,가을,10000.0
1504,2019-11-01,대전,가을,10000.0
1505,2019-11-04,서울,가을,10000.0
1506,2019-11-04,부산,가을,10000.0
1507,2019-11-04,대구,가을,9000.0
1508,2019-11-04,광주,가을,9000.0
1509,2019-11-04,대전,가을,9000.0
1510,2019-11-05,서울,가을,10000.0
1511,2019-11-05,부산,가을,10000.0
1512,2019-11-05,대구,가을,9000.0
1513,2019-11-05,광주,가을,9000.0
1514,2019-11-05,대전,가을,9000.0
1515,2019-11-06,서울,가을,10000.0
1516,2019-11-06,부산,가을,10000.0
1517,2019-11-06,대구,가을,8500.0
1518,2019-11-06,광주,가을,9000.0
1519,2019-11-06,대전,가을,8000.0
1520,2019-11-07,서울,가을,9000.0
1521,2019-11-07,부산,가을,9000.0
1522,2019-11-07,대구,가을,8500.0
1523,2019-11-07,광주,가을,8500.0
1524,2019-11-07,대전,가을,8000.0
1525,2019-11-08,서울,가을,9000.0
1526,2019-11-08,부산,가을,9000.0
1527,2019-11-08,대구,가을,8500.0
1528,2019-11-08,광주,가을,8500.0
1529,2019-11-08,대전,가을,9000.0
1530,2019-11-11,서울,가을,10000.0
1531,2019-11-11,부산,가을,9000.0
1532,2019-11-11,대구,가을,8500.0
1533,2019-11-11,광주,가을,9000.0
1534,2019-11-11,대전,가을,9000.0
1535,2019-11-12,서울,가을,10000.0
1536,2019-11-12,부산,가을,9000.0
1537,2019-11-12,대구,가을,8500.0
1538,2019-11-12,광주,가을,9000.0
1539,2019-11-12,대전,가을,9000.0
1540,2019-11-13,서울,가을,10000.0
1541,2019-11-13,부산,가을,9000.0
1542,2019-11-13,대구,가을,8500.0
1543,2019-11-13,광주,가을,9000.0
1544,2019-11-13,대전,가을,9000.0
1545,2019-11-14,서울,가을,10000.0
1546,2019-11-14,부산,가을,9000.0
1547,2019-11-14,대구,가을,8500.0
1548,2019-11-14,광주,가을,9000.0
1549,2019-11-14,대전,가을,10000.0
1550,2019-11-15,서울,가을,10000.0
1551,2019-11-15,부산,가을,10000.0
1552,2019-11-15,대구,가을,9000.0
1553,2019-11-15,광주,가을,10000.0
1554,2019-11-15,대전,가을,11000.0
1555,2019-11-18,서울,가을,11000.0
1556,2019-11-18,부산,가을,11000.0
1557,2019-11-18,대구,가을,10000.0
1558,2019-11-18,광주,가을,11000.0
1559,2019-11-18,대전,가을,12000.0
1560,2019-11-19,서울,가을,11000.0
1561,2019-11-19,부산,가을,11000.0
1562,2019-11-19,대구,가을,10000.0
1563,2019-11-19,광주,가을,11000.0
1564,2019-11-19,대전,가을,12000.0
1565,2019-11-20,서울,가을,11000.0
1566,2019-11-20,부산,가을,11000.0
1567,2019-11-20,대구,가을,10000.0
1568,2019-11-20,광주,가을,11000.0
1569,2019-11-20,대전,가을,12000.0
1570,2019-11-21,서울,가을,10000.0
1571,2019-11-21,부산,가을,11000.0
1572,2019-11-21,대구,가을,10000.0
1573,2019-11-21,광주,가을,10000.0
1574,2019-11-21,대전,가을,12000.0
1575,2019-11-22,서울,가을,10000.0
1576,2019-11-22,부산,가을,11000.0
1577,2019-11-22,대구,가을,10000.0
1578,2019-11-22,광주,가을,9000.0
1579,2019-11-22,대전,가을,11000.0
1580,2019-11-25,서울,가을,9000.0
1581,2019-11-25,부산,가을,10000.0
1582,2019-11-25,대구,가을,9500.0
1583,2019-11-25,광주,가을,9000.0
1584,2019-11-25,대전,가을,10000.0
1585,2019-11-26,서울,가을,9000.0
1586,2019-11-26,부산,가을,10000.0
1587,2019-11-26,대구,가을,9500.0
1588,2019-11-26,광주,가을,9000.0
1589,2019-11-26,대전,가을,9000.0
1590,2019-11-27,서울,가을,9000.0
1591,2019-11-27,부산,가을,9000.0
1592,2019-11-27,대구,가을,9000.0
1593,2019-11-27,광주,가을,8500.0
1594,2019-11-27,대전,가을,9000.0
1595,2019-11-28,서울,가을,10000.0
1596,2019-11-28,부산,가을,9000.0
1597,2019-11-28,대구,가을,9000.0
1598,2019-11-28,광주,가을,9000.0
1599,2019-11-28,대전,가을,10000.0
1600,2019-11-29,서울,가을,10000.0
1601,2019-11-29,부산,가을,9000.0
1602,2019-11-29,대구,가을,9000.0
1603,2019-11-29,광주,가을,9500.0
1604,2019-11-29,대전,가을,10000.0
1605,2019-12-02,서울,가을,10000.0
1606,2019-12-02,부산,가을,9000.0
1607,2019-12-02,대구,가을,9000.0
1608,2019-12-02,광주,가을,10000.0
1609,2019-12-02,대전,가을,10000.0
1610,2019-12-03,서울,가을,9000.0
1611,2019-12-03,부산,가을,9000.0
1612,2019-12-03,대구,가을,9000.0
1613,2019-12-03,광주,가을,9000.0
1614,2019-12-03,대전,가을,10000.0
1615,2019-12-04,서울,가을,10000.0
1616,2019-12-04,부산,가을,9000.0
1617,2019-12-04,대구,가을,9500.0
1618,2019-12-04,광주,가을,9500.0
1619,2019-12-04,대전,가을,11000.0
1620,2019-12-05,서울,가을,10000.0
1621,2019-12-05,부산,가을,9000.0
1622,2019-12-05,대구,가을,9500.0
1623,2019-12-05,광주,가을,10000.0
1624,2019-12-05,대전,가을,11000.0
1625,2019-12-09,서울,가을,10000.0
1626,2019-12-09,부산,가을,10000.0
1627,2019-12-09,대구,가을,10000.0
1628,2019-12-09,광주,가을,10000.0
1629,2019-12-09,대전,가을,11000.0
1630,2019-12-10,서울,가을,10000.0
1631,2019-12-10,부산,가을,10000.0
1632,2019-12-10,대구,가을,9000.0
1633,2019-12-10,광주,가을,9000.0
1634,2019-12-10,대전,가을,10000.0
1635,2019-12-11,서울,가을,10000.0
1636,2019-12-11,부산,가을,10000.0
1637,2019-12-11,대구,가을,9000.0
1638,2019-12-11,광주,가을,10000.0
1639,2019-12-11,대전,가을,10000.0
1640,2019-12-12,서울,가을,10000.0
1641,2019-12-12,부산,가을,10000.0
1642,2019-12-12,대구,가을,9000.0
1643,2019-12-12,광주,가을,10000.0
1644,2019-12-12,대전,가을,11000.0
1645,2019-12-13,서울,가을,10000.0
1646,2019-12-13,부산,가을,10000.0
1647,2019-12-13,대구,가을,9000.0
1648,2019-12-13,광주,가을,9500.0
1649,2019-12-13,대전,가을,10000.0
1650,2019-12-16,서울,가을,10000.0
1651,2019-12-16,부산,가을,10000.0
1652,2019-12-16,대구,가을,9500.0
1653,2019-12-16,광주,가을,10000.0
1654,2019-12-16,대전,가을,10000.0
1655,2019-12-17,서울,가을,10000.0
1656,2019-12-17,부산,가을,10000.0
1657,2019-12-17,대구,가을,9500.0
1658,2019-12-17,광주,가을,10000.0
1659,2019-12-17,대전,가을,10000.0
1660,2019-12-18,서울,가을,10000.0
1661,2019-12-18,부산,가을,10000.0
1662,2019-12-18,대구,가을,10000.0
1663,2019-12-18,광주,가을,10000.0
1664,2019-12-18,대전,가을,11000.0
1665,2019-12-19,서울,가을,10000.0
1666,2019-12-19,부산,가을,10000.0
1667,2019-12-19,대구,가을,10000.0
1668,2019-12-19,광주,가을,10000.0
1669,2019-12-19,대전,가을,10000.0
1670,2019-12-20,서울,가을,10000.0
1671,2019-12-20,부산,가을,10000.0
1672,2019-12-20,대구,가을,10000.0
1673,2019-12-20,광주,가을,10000.0
1674,2019-12-20,대전,가을,10000.0
1675,2019-12-23,서울,가을,10000.0
1676,2019-12-23,부산,가을,10000.0
1677,2019-12-23,대구,가을,10000.0
1678,2019-12-23,광주,가을,10000.0
1679,2019-12-23,대전,가을,10000.0
1680,2019-12-24,서울,가을,9000.0
1681,2019-12-24,부산,가을,9000.0
1682,2019-12-24,대구,가을,9000.0
1683,2019-12-24,광주,가을,9000.0
1684,2019-12-24,대전,가을,9000.0
1685,2019-12-26,서울,가을,9000.0
1686,2019-12-26,부산,가을,9000.0
1687,2019-12-26,대구,가을,9000.0
1688,2019-12-26,광주,가을,9000.0
1689,2019-12-26,대전,가을,10000.0
1690,2019-12-27,서울,가을,10000.0
1691,2019-12-27,부산,가을,10000.0
1692,2019-12-27,대구,가을,9500.0
1693,2019-12-27,광주,가을,9500.0
1694,2019-12-27,대전,가을,10000.0
1695,2019-12-30,서울,가을,11000.0
1696,2019-12-30,부산,가을,10000.0
1697,2019-12-30,대구,가을,10000.0
1698,2019-12-30,광주,가을,10000.0
1699,2019-12-30,대전,가을,11000.0
1700,2019-12-31,서울,가을,12000.0
1701,2019-12-31,부산,가을,11000.0
1702,2019-12-31,대구,가을,11000.0
1703,2019-12-31,광주,가을,12000.0
1704,2019-12-31,대전,가을,12000.0
1705,2020-01-02,서울,가을,12000.0
1706,2020-01-02,부산,가을,11000.0
1707,2020-01-02,대구,가을,11000.0
1708,2020-01-02,광주,가을,12000.0
1709,2020-01-02,대전,가을,12000.0
1710,2020-01-03,서울,가을,10000.0
1711,2020-01-03,부산,가을,11000.0
1712,2020-01-03,대구,가을,11000.0
1713,2020-01-03,광주,가을,10000.0
1714,2020-01-03,대전,가을,11000.0
1715,2020-01-06,서울,가을,10000.0
1716,2020-01-06,부산,가을,11000.0
1717,2020-01-06,대구,가을,10000.0
1718,2020-01-06,광주,가을,10000.0
1719,2020-01-06,대전,가을,10000.0
1720,2020-01-07,서울,가을,11000.0
1721,2020-01-07,부산,가을,11000.0
1722,2020-01-07,대구,가을,10000.0
1723,2020-01-07,광주,가을,11000.0
1724,2020-01-07,대전,가을,10000.0
1725,2020-01-08,서울,가을,11000.0
1726,2020-01-08,부산,가을,11000.0
1727,2020-01-08,대구,가을,10000.0
1728,2020-01-08,광주,가을,10000.0
1729,2020-01-08,대전,가을,10000.0
1730,2020-01-09,서울,가을,11000.0
1731,2020-01-09,부산,가을,11000.0
1732,2020-01-09,대구,가을,9000.0
1733,2020-01-09,광주,가을,9000.0
1734,2020-01-09,대전,가을,9000.0
1735,2020-01-10,서울,가을,11000.0
1736,2020-01-10,부산,가을,11000.0
1737,2020-01-10,대구,가을,9000.0
1738,2020-01-10,광주,가을,9000.0
1739,2020-01-10,대전,가을,9000.0
1740,2020-10-12,서울,가을,12600.0
1741,2020-10-12,부산,가을,
1742,2020-10-12,대구,가을,15000.0
1743,2020-10-12,광주,가을,15200.0
1744,2020-10-12,대전,가을,14500.0
1745,2020-10-13,서울,가을,11000.0
1746,2020-10-13,부산,가을,14000.0
1747,2020-10-13,대구,가을,15000.0
1748,2020-10-13,광주,가을,13200.0
1749,2020-10-13,대전,가을,13000.0
1750,2020-10-14,서울,가을,11000.0
1751,2020-10-14,부산,가을,12000.0
1752,2020-10-14,대구,가을,13000.0
1753,2020-10-14,광주,가을,11500.0
1754,2020-10-14,대전,가을,10500.0
1755,2020-10-15,서울,가을,10800.0
1756,2020-10-15,부산,가을,11000.0
1757,2020-10-15,대구,가을,11000.0
1758,2020-10-15,광주,가을,10500.0
1759,2020-10-15,대전,가을,9500.0
1760,2020-10-16,서울,가을,10200.0
1761,2020-10-16,부산,가을,10000.0
1762,2020-10-16,대구,가을,10000.0
1763,2020-10-16,광주,가을,9500.0
1764,2020-10-16,대전,가을,9500.0
1765,2020-10-19,서울,가을,9000.0
1766,2020-10-19,부산,가을,9000.0
1767,2020-10-19,대구,가을,10000.0
1768,2020-10-19,광주,가을,9500.0
1769,2020-10-19,대전,가을,9500.0
1770,2020-10-20,서울,가을,9000.0
1771,2020-10-20,부산,가을,9000.0
1772,2020-10-20,대구,가을,10000.0
1773,2020-10-20,광주,가을,9500.0
1774,2020-10-20,대전,가을,9500.0
1775,2020-10-21,서울,가을,8200.0
1776,2020-10-21,부산,가을,8500.0
1777,2020-10-21,대구,가을,8500.0
1778,2020-10-21,광주,가을,8500.0
1779,2020-10-21,대전,가을,9000.0
1780,2020-10-22,서울,가을,7200.0
1781,2020-10-22,부산,가을,7500.0
1782,2020-10-22,대구,가을,7500.0
1783,2020-10-22,광주,가을,7500.0
1784,2020-10-22,대전,가을,9000.0
1785,2020-10-23,서울,가을,6400.0
1786,2020-10-23,부산,가을,7500.0
1787,2020-10-23,대구,가을,7500.0
1788,2020-10-23,광주,가을,8500.0
1789,2020-10-23,대전,가을,9000.0
1790,2020-10-26,서울,가을,6800.0
1791,2020-10-26,부산,가을,7500.0
1792,2020-10-26,대구,가을,7500.0
1793,2020-10-26,광주,가을,7500.0
1794,2020-10-26,대전,가을,8500.0
1795,2020-10-27,서울,가을,6800.0
1796,2020-10-27,부산,가을,7500.0
1797,2020-10-27,대구,가을,7500.0
1798,2020-10-27,광주,가을,7500.0
1799,2020-10-27,대전,가을,8500.0
1800,2020-10-28,서울,가을,6600.0
1801,2020-10-28,부산,가을,7000.0
1802,2020-10-28,대구,가을,6500.0
1803,2020-10-28,광주,가을,6500.0
1804,2020-10-28,대전,가을,7500.0
1805,2020-10-29,서울,가을,6000.0
1806,2020-10-29,부산,가을,6000.0
1807,2020-10-29,대구,가을,6000.0
1808,2020-10-29,광주,가을,5500.0
1809,2020-10-29,대전,가을,7000.0
1810,2020-10-30,서울,가을,6000.0
1811,2020-10-30,부산,가을,6000.0
1812,2020-10-30,대구,가을,6000.0
1813,2020-10-30,광주,가을,6500.0
1814,2020-10-30,대전,가을,6500.0
1815,2020-11-02,서울,가을,6800.0
1816,2020-11-02,부산,가을,6000.0
1817,2020-11-02,대구,가을,6000.0
1818,2020-11-02,광주,가을,5500.0
1819,2020-11-02,대전,가을,6500.0
1820,2020-11-03,서울,가을,6200.0
1821,2020-11-03,부산,가을,6000.0
1822,2020-11-03,대구,가을,6000.0
1823,2020-11-03,광주,가을,6500.0
1824,2020-11-03,대전,가을,6500.0
1825,2020-11-04,서울,가을,5600.0
1826,2020-11-04,부산,가을,5000.0
1827,2020-11-04,대구,가을,5000.0
1828,2020-11-04,광주,가을,5500.0
1829,2020-11-04,대전,가을,5500.0
1830,2020-11-05,서울,가을,5600.0
1831,2020-11-05,부산,가을,5000.0
1832,2020-11-05,대구,가을,5000.0
1833,2020-11-05,광주,가을,5500.0
1834,2020-11-05,대전,가을,5500.0
1835,2020-11-06,서울,가을,5600.0
1836,2020-11-06,부산,가을,6000.0
1837,2020-11-06,대구,가을,5000.0
1838,2020-11-06,광주,가을,5500.0
1839,2020-11-06,대전,가을,6500.0
1840,2020-11-09,서울,가을,6600.0
1841,2020-11-09,부산,가을,6000.0
1842,2020-11-09,대구,가을,6000.0
1843,2020-11-09,광주,가을,5500.0
1844,2020-11-09,대전,가을,7000.0
1845,2020-11-10,서울,가을,6000.0
1846,2020-11-10,부산,가을,6000.0
1847,2020-11-10,대구,가을,6000.0
1848,2020-11-10,광주,가을,5500.0
1849,2020-11-10,대전,가을,6500.0
1850,2020-11-11,서울,가을,6600.0
1851,2020-11-11,부산,가을,6000.0
1852,2020-11-11,대구,가을,6800.0
1853,2020-11-11,광주,가을,6500.0
1854,2020-11-11,대전,가을,6500.0
1855,2020-11-12,서울,가을,6600.0
1856,2020-11-12,부산,가을,6000.0
1857,2020-11-12,대구,가을,6800.0
1858,2020-11-12,광주,가을,6500.0
1859,2020-11-12,대전,가을,6500.0
1860,2020-11-13,서울,가을,8400.0
1861,2020-11-13,부산,가을,7000.0
1862,2020-11-13,대구,가을,7800.0
1863,2020-11-13,광주,가을,7250.0
1864,2020-11-13,대전,가을,7200.0
1865,2020-11-16,서울,가을,6000.0
1866,2020-11-16,부산,가을,7000.0
1867,2020-11-16,대구,가을,6500.0
1868,2020-11-16,광주,가을,6250.0
1869,2020-11-16,대전,가을,7000.0
1870,2020-11-17,서울,가을,7000.0
1871,2020-11-17,부산,가을,8000.0
1872,2020-11-17,대구,가을,7000.0
1873,2020-11-17,광주,가을,7120.0
1874,2020-11-17,대전,가을,7000.0
1875,2020-11-18,서울,가을,7000.0
1876,2020-11-18,부산,가을,8000.0
1877,2020-11-18,대구,가을,7000.0
1878,2020-11-18,광주,가을,7550.0
1879,2020-11-18,대전,가을,7000.0
1880,2020-11-19,서울,가을,8000.0
1881,2020-11-19,부산,가을,8000.0
1882,2020-11-19,대구,가을,8000.0
1883,2020-11-19,광주,가을,8250.0
1884,2020-11-19,대전,가을,7500.0
1885,2020-11-20,서울,가을,9000.0
1886,2020-11-20,부산,가을,8000.0
1887,2020-11-20,대구,가을,8000.0
1888,2020-11-20,광주,가을,8250.0
1889,2020-11-20,대전,가을,8000.0
1890,2020-11-23,서울,가을,7000.0
1891,2020-11-23,부산,가을,7000.0
1892,2020-11-23,대구,가을,7000.0
1893,2020-11-23,광주,가을,7250.0
1894,2020-11-23,대전,가을,7000.0
1895,2020-11-24,서울,가을,6400.0
1896,2020-11-24,부산,가을,7000.0
1897,2020-11-24,대구,가을,6000.0
1898,2020-11-24,광주,가을,6250.0
1899,2020-11-24,대전,가을,6500.0
1900,2020-11-25,서울,가을,6400.0
1901,2020-11-25,부산,가을,7000.0
1902,2020-11-25,대구,가을,7000.0
1903,2020-11-25,광주,가을,7250.0
1904,2020-11-25,대전,가을,7000.0
1905,2020-11-26,서울,가을,6400.0
1906,2020-11-26,부산,가을,7000.0
1907,2020-11-26,대구,가을,7000.0
1908,2020-11-26,광주,가을,7250.0
1909,2020-11-26,대전,가을,7000.0
1910,2020-11-27,서울,가을,6200.0
1911,2020-11-27,부산,가을,6500.0
1912,2020-11-27,대구,가을,6200.0
1913,2020-11-27,광주,가을,6250.0
1914,2020-11-27,대전,가을,7000.0
1915,2020-11-30,서울,가을,4000.0
1916,2020-11-30,부산,가을,5500.0
1917,2020-11-30,대구,가을,5400.0
1918,2020-11-30,광주,가을,5250.0
1919,2020-11-30,대전,가을,6000.0
1920,2020-12-01,서울,가을,4000.0
1921,2020-12-01,부산,가을,5000.0
1922,2020-12-01,대구,가을,6000.0
1923,2020-12-01,광주,가을,6250.0
1924,2020-12-01,대전,가을,6000.0
1925,2020-12-02,서울,가을,5000.0
1926,2020-12-02,부산,가을,5000.0
1927,2020-12-02,대구,가을,6000.0
1928,2020-12-02,광주,가을,6250.0
1929,2020-12-02,대전,가을,6000.0
1930,2020-12-03,서울,가을,5400.0
1931,2020-12-03,부산,가을,5000.0
1932,2020-12-03,대구,가을,5200.0
1933,2020-12-03,광주,가을,5250.0
1934,2020-12-03,대전,가을,5500.0
1935,2020-12-07,서울,가을,5000.0
1936,2020-12-07,부산,가을,5000.0
1937,2020-12-07,대구,가을,5200.0
1938,2020-12-07,광주,가을,5250.0
1939,2020-12-07,대전,가을,5200.0
1940,2020-12-08,서울,가을,5000.0
1941,2020-12-08,부산,가을,5000.0
1942,2020-12-08,대구,가을,5200.0
1943,2020-12-08,광주,가을,5250.0
1944,2020-12-08,대전,가을,5200.0
1945,2020-12-09,서울,가을,5000.0
1946,2020-12-09,부산,가을,5000.0
1947,2020-12-09,대구,가을,5200.0
1948,2020-12-09,광주,가을,5250.0
1949,2020-12-09,대전,가을,5000.0
1950,2020-12-10,서울,가을,5000.0
1951,2020-12-10,부산,가을,5000.0
1952,2020-12-10,대구,가을,5200.0
1953,2020-12-10,광주,가을,5250.0
1954,2020-12-10,대전,가을,5000.0
1955,2020-12-11,서울,가을,5000.0
1956,2020-12-11,부산,가을,5000.0
1957,2020-12-11,대구,가을,5200.0
1958,2020-12-11,광주,가을,5250.0
1959,2020-12-11,대전,가을,5000.0
1960,2020-12-14,서울,가을,4400.0
1961,2020-12-14,부산,가을,5000.0
1962,2020-12-14,대구,가을,4800.0
1963,2020-12-14,광주,가을,4750.0
1964,2020-12-14,대전,가을,5000.0
1965,2020-12-15,서울,가을,4400.0
1966,2020-12-15,부산,가을,5000.0
1967,2020-12-15,대구,가을,4800.0
1968,2020-12-15,광주,가을,4750.0
1969,2020-12-15,대전,가을,5000.0
1970,2020-12-16,서울,가을,4400.0
1971,2020-12-16,부산,가을,5000.0
1972,2020-12-16,대구,가을,5200.0
1973,2020-12-16,광주,가을,5250.0
1974,2020-12-16,대전,가을,5000.0
1975,2020-12-17,서울,가을,4400.0
1976,2020-12-17,부산,가을,5000.0
1977,2020-12-17,대구,가을,5200.0
1978,2020-12-17,광주,가을,5250.0
1979,2020-12-17,대전,가을,5000.0
1980,2020-12-18,서울,가을,4200.0
1981,2020-12-18,부산,가을,5000.0
1982,2020-12-18,대구,가을,5200.0
1983,2020-12-18,광주,가을,5250.0
1984,2020-12-18,대전,가을,5000.0
1985,2020-12-21,서울,가을,4000.0
1986,2020-12-21,부산,가을,5000.0
1987,2020-12-21,대구,가을,4200.0
1988,2020-12-21,광주,가을,4750.0
1989,2020-12-21,대전,가을,5000.0
1990,2020-12-22,서울,가을,4000.0
1991,2020-12-22,부산,가을,4000.0
1992,2020-12-22,대구,가을,4200.0
1993,2020-12-22,광주,가을,4750.0
1994,2020-12-22,대전,가을,5000.0
1995,2020-12-23,서울,가을,3600.0
1996,2020-12-23,부산,가을,4000.0
1997,2020-12-23,대구,가을,4000.0
1998,2020-12-23,광주,가을,4250.0
1999,2020-12-23,대전,가을,
2000,2020-12-24,서울,가을,3500.0
2001,2020-12-24,부산,가을,4000.0
2002,2020-12-24,대구,가을,4000.0
2003,2020-12-24,광주,가을,4250.0
2004,2020-12-24,대전,가을,
2005,2020-12-28,서울,가을,4000.0
2006,2020-12-28,부산,가을,4000.0
2007,2020-12-28,대구,가을,4000.0
2008,2020-12-28,광주,가을,4250.0
2009,2020-12-28,대전,가을,
2010,2020-12-29,서울,가을,4000.0
2011,2020-12-29,부산,가을,4000.0
2012,2020-12-29,대구,가을,4000.0
2013,2020-12-29,광주,가을,4250.0
2014,2020-12-29,대전,가을,
2015,2020-12-30,서울,가을,4000.0
2016,2020-12-30,부산,가을,4000.0
2017,2020-12-30,대구,가을,4000.0
2018,2020-12-30,광주,가을,4250.0
2019,2020-12-30,대전,가을,
2020,2020-12-31,서울,가을,4000.0
2021,2020-12-31,부산,가을,4000.0
2022,2020-12-31,대구,가을,4000.0
2023,2020-12-31,광주,가을,
2024,2020-12-31,대전,가을,
2025,2021-10-28,서울,가을,7000.0
2026,2021-10-28,부산,가을,7000.0
2027,2021-10-28,대구,가을,7000.0
2028,2021-10-28,광주,가을,
2029,2021-10-28,대전,가을,
2030,2021-10-29,서울,가을,7000.0
2031,2021-10-29,부산,가을,7000.0
2032,2021-10-29,대구,가을,7000.0
2033,2021-10-29,광주,가을,
2034,2021-10-29,대전,가을,
2035,2021-11-01,서울,가을,7600.0
2036,2021-11-01,부산,가을,8000.0
2037,2021-11-01,대구,가을,8000.0
2038,2021-11-01,광주,가을,7120.0
2039,2021-11-01,대전,가을,
2040,2021-11-02,서울,가을,8000.0
2041,2021-11-02,부산,가을,8000.0
2042,2021-11-02,대구,가을,8000.0
2043,2021-11-02,광주,가을,8120.0
2044,2021-11-02,대전,가을,
2045,2021-11-03,서울,가을,9000.0
2046,2021-11-03,부산,가을,8000.0
2047,2021-11-03,대구,가을,8000.0
2048,2021-11-03,광주,가을,8120.0
2049,2021-11-03,대전,가을,
2050,2021-11-04,서울,가을,9000.0
2051,2021-11-04,부산,가을,8000.0
2052,2021-11-04,대구,가을,8000.0
2053,2021-11-04,광주,가을,9120.0
2054,2021-11-04,대전,가을,11100.0
2055,2021-11-05,서울,가을,11600.0
2056,2021-11-05,부산,가을,9000.0
2057,2021-11-05,대구,가을,10000.0
2058,2021-11-05,광주,가을,11200.0
2059,2021-11-05,대전,가을,12800.0
2060,2021-11-08,서울,가을,11800.0
2061,2021-11-08,부산,가을,10000.0
2062,2021-11-08,대구,가을,11000.0
2063,2021-11-08,광주,가을,11200.0
2064,2021-11-08,대전,가을,12800.0
2065,2021-11-09,서울,가을,11400.0
2066,2021-11-09,부산,가을,11000.0
2067,2021-11-09,대구,가을,12000.0
2068,2021-11-09,광주,가을,11200.0
2069,2021-11-09,대전,가을,13800.0
2070,2021-11-10,서울,가을,12000.0
2071,2021-11-10,부산,가을,11000.0
2072,2021-11-10,대구,가을,12000.0
2073,2021-11-10,광주,가을,12200.0
2074,2021-11-10,대전,가을,13800.0
2075,2021-11-11,서울,가을,13200.0
2076,2021-11-11,부산,가을,12000.0
2077,2021-11-11,대구,가을,13000.0
2078,2021-11-11,광주,가을,13200.0
2079,2021-11-11,대전,가을,15600.0
2080,2021-11-12,서울,가을,14000.0
2081,2021-11-12,부산,가을,12000.0
2082,2021-11-12,대구,가을,13000.0
2083,2021-11-12,광주,가을,13200.0
2084,2021-11-12,대전,가을,15600.0
2085,2021-11-15,서울,가을,11600.0
2086,2021-11-15,부산,가을,12000.0
2087,2021-11-15,대구,가을,12000.0
2088,2021-11-15,광주,가을,12200.0
2089,2021-11-15,대전,가을,12500.0
2090,2021-11-16,서울,가을,11400.0
2091,2021-11-16,부산,가을,11000.0
2092,2021-11-16,대구,가을,11000.0
2093,2021-11-16,광주,가을,11200.0
2094,2021-11-16,대전,가을,11600.0
2095,2021-11-17,서울,가을,10400.0
2096,2021-11-17,부산,가을,10000.0
2097,2021-11-17,대구,가을,10000.0
2098,2021-11-17,광주,가을,10200.0
2099,2021-11-17,대전,가을,11000.0
2100,2021-11-18,서울,가을,11800.0
2101,2021-11-18,부산,가을,11000.0
2102,2021-11-18,대구,가을,11000.0
2103,2021-11-18,광주,가을,11200.0
2104,2021-11-18,대전,가을,12000.0
2105,2021-11-19,서울,가을,11000.0
2106,2021-11-19,부산,가을,11000.0
2107,2021-11-19,대구,가을,11000.0
2108,2021-11-19,광주,가을,11200.0
2109,2021-11-19,대전,가을,11000.0
2110,2021-11-22,서울,가을,11200.0
2111,2021-11-22,부산,가을,11500.0
2112,2021-11-22,대구,가을,12000.0
2113,2021-11-22,광주,가을,11200.0
2114,2021-11-22,대전,가을,11000.0
2115,2021-11-23,서울,가을,10000.0
2116,2021-11-23,부산,가을,11000.0
2117,2021-11-23,대구,가을,11000.0
2118,2021-11-23,광주,가을,10200.0
2119,2021-11-23,대전,가을,12400.0
2120,2021-11-24,서울,가을,11600.0
2121,2021-11-24,부산,가을,11000.0
2122,2021-11-24,대구,가을,11000.0
2123,2021-11-24,광주,가을,11200.0
2124,2021-11-24,대전,가을,11600.0
2125,2021-11-25,서울,가을,10800.0
2126,2021-11-25,부산,가을,11000.0
2127,2021-11-25,대구,가을,10000.0
2128,2021-11-25,광주,가을,10200.0
2129,2021-11-25,대전,가을,11400.0
2130,2021-11-26,서울,가을,11000.0
2131,2021-11-26,부산,가을,11000.0
2132,2021-11-26,대구,가을,11000.0
2133,2021-11-26,광주,가을,10200.0
2134,2021-11-26,대전,가을,11400.0
2135,2021-11-29,서울,가을,11200.0
2136,2021-11-29,부산,가을,11000.0
2137,2021-11-29,대구,가을,11000.0
2138,2021-11-29,광주,가을,10200.0
2139,2021-11-29,대전,가을,10600.0
2140,2021-11-30,서울,가을,9600.0
2141,2021-11-30,부산,가을,10000.0
2142,2021-11-30,대구,가을,9000.0
2143,2021-11-30,광주,가을,9250.0
2144,2021-11-30,대전,가을,9000.0
2145,2021-12-01,서울,가을,9200.0
2146,2021-12-01,부산,가을,10000.0
2147,2021-12-01,대구,가을,10000.0
2148,2021-12-01,광주,가을,9250.0
2149,2021-12-01,대전,가을,10000.0
2150,2021-12-02,서울,가을,11000.0
2151,2021-12-02,부산,가을,10000.0
2152,2021-12-02,대구,가을,10000.0
2153,2021-12-02,광주,가을,10200.0
2154,2021-12-02,대전,가을,10000.0
2155,2021-12-06,서울,가을,9200.0
2156,2021-12-06,부산,가을,9000.0
2157,2021-12-06,대구,가을,9000.0
2158,2021-12-06,광주,가을,9250.0
2159,2021-12-06,대전,가을,9400.0
2160,2021-12-07,서울,가을,9800.0
2161,2021-12-07,부산,가을,9000.0
2162,2021-12-07,대구,가을,9000.0
2163,2021-12-07,광주,가을,9250.0
2164,2021-12-07,대전,가을,9400.0
2165,2021-12-08,서울,가을,9200.0
2166,2021-12-08,부산,가을,9000.0
2167,2021-12-08,대구,가을,9000.0
2168,2021-12-08,광주,가을,9250.0
2169,2021-12-08,대전,가을,9400.0
2170,2021-12-09,서울,가을,8400.0
2171,2021-12-09,부산,가을,9000.0
2172,2021-12-09,대구,가을,8000.0
2173,2021-12-09,광주,가을,8250.0
2174,2021-12-09,대전,가을,8800.0
2175,2021-12-10,서울,가을,8200.0
2176,2021-12-10,부산,가을,9000.0
2177,2021-12-10,대구,가을,8000.0
2178,2021-12-10,광주,가을,8120.0
2179,2021-12-10,대전,가을,8800.0
2180,2021-12-13,서울,가을,
2181,2021-12-13,부산,가을,9000.0
2182,2021-12-13,대구,가을,9000.0
2183,2021-12-13,광주,가을,9120.0
2184,2021-12-13,대전,가을,8800.0
2185,2021-12-14,서울,가을,
2186,2021-12-14,부산,가을,9000.0
2187,2021-12-14,대구,가을,9000.0
2188,2021-12-14,광주,가을,9120.0
2189,2021-12-14,대전,가을,8800.0
2190,2021-12-15,서울,가을,
2191,2021-12-15,부산,가을,9000.0
2192,2021-12-15,대구,가을,9000.0
2193,2021-12-15,광주,가을,9120.0
2194,2021-12-15,대전,가을,8800.0
2195,2021-12-16,서울,가을,
2196,2021-12-16,부산,가을,9000.0
2197,2021-12-16,대구,가을,9000.0
2198,2021-12-16,광주,가을,9120.0
2199,2021-12-16,대전,가을,7800.0
2200,2021-12-17,서울,가을,
2201,2021-12-17,부산,가을,
2202,2021-12-17,대구,가을,8000.0
2203,2021-12-17,광주,가을,
2204,2021-12-17,대전,가을,7800.0
2205,2021-12-20,서울,가을,
2206,2021-12-20,부산,가을,
2207,2021-12-20,대구,가을,
2208,2021-12-20,광주,가을,
2209,2021-12-20,대전,가을,8330.0
2210,2021-12-21,서울,가을,
2211,2021-12-21,부산,가을,
2212,2021-12-21,대구,가을,
2213,2021-12-21,광주,가을,
2214,2021-12-21,대전,가을,8200.0
